event_id,date_utc,year,month,day,latitude_deg,longitude_deg,altitude_km,radiated_energy_1e10_j,estimated_impact_energy_kt,velocity_x_km_s,velocity_y_km_s,velocity_z_km_s,data_source
FB_20260530180623_00001,2026-05-30 18:06:23,2026,5,30,42.0,-70.5,32.0,42.1,1.1,,,,NASA/JPL CNEOS Fireball Data API
FB_20260521021551_00002,2026-05-21 02:15:51,2026,5,21,46.6,133.1,31.5,3.5,0.12,14.4,-6.5,1.0,NASA/JPL CNEOS Fireball Data API
FB_20260510165737_00003,2026-05-10 16:57:37,2026,5,10,-45.6,-109.8,32.7,6.0,0.19,-13.0,18.7,2.1,NASA/JPL CNEOS Fireball Data API
FB_20260507055203_00004,2026-05-07 05:52:03,2026,5,7,32.5,-36.8,36.0,6.4,0.2,-1.8,24.1,-5.4,NASA/JPL CNEOS Fireball Data API
FB_20260429140039_00005,2026-04-29 14:00:39,2026,4,29,-81.0,133.9,28.7,4.8,0.16,-14.8,-1.8,9.8,NASA/JPL CNEOS Fireball Data API
FB_20260408015847_00006,2026-04-08 01:58:47,2026,4,8,13.4,-170.2,62.0,2.9,0.1,15.9,-2.1,7.7,NASA/JPL CNEOS Fireball Data API
FB_20260401235935_00007,2026-04-01 23:59:35,2026,4,1,57.9,-158.6,37.0,2.2,0.079,36.7,-6.9,0.4,NASA/JPL CNEOS Fireball Data API
FB_20260401021314_00008,2026-04-01 02:13:14,2026,4,1,-41.9,-54.7,90.5,2.4,0.086,3.6,-34.6,59.8,NASA/JPL CNEOS Fireball Data API
FB_20260323192343_00009,2026-03-23 19:23:43,2026,3,23,54.6,-144.1,35.0,5.1,0.17,6.7,0.7,-9.3,NASA/JPL CNEOS Fireball Data API
FB_20260320104559_00010,2026-03-20 10:45:59,2026,3,20,-52.9,-143.7,27.0,2.8,0.098,,,,NASA/JPL CNEOS Fireball Data API
FB_20260317125642_00011,2026-03-17 12:56:42,2026,3,17,41.2,-82.0,45.0,12.6,0.37,2.3,-2.0,-14.6,NASA/JPL CNEOS Fireball Data API
FB_20260210142626_00012,2026-02-10 14:26:26,2026,2,10,-64.0,-14.0,44.0,2.1,0.076,,,,NASA/JPL CNEOS Fireball Data API
FB_20260131180714_00013,2026-01-31 18:07:14,2026,1,31,4.1,-173.4,32.0,5.8,0.19,,,,NASA/JPL CNEOS Fireball Data API
FB_20260130102537_00014,2026-01-30 10:25:37,2026,1,30,-45.0,174.5,89.0,3.4,0.12,-2.1,68.8,17.7,NASA/JPL CNEOS Fireball Data API
FB_20251216205812_00015,2025-12-16 20:58:12,2025,12,16,-24.1,-92.4,25.0,9.6,0.29,7.0,13.9,10.9,NASA/JPL CNEOS Fireball Data API
FB_20251115004843_00016,2025-11-15 00:48:43,2025,11,15,-62.2,-94.7,30.0,10.5,0.32,9.7,2.4,12.5,NASA/JPL CNEOS Fireball Data API
FB_20251111173951_00017,2025-11-11 17:39:51,2025,11,11,27.3,-79.8,42.0,9.3,0.28,-8.0,10.0,-13.6,NASA/JPL CNEOS Fireball Data API
FB_20251020133127_00018,2025-10-20 13:31:27,2025,10,20,5.7,-135.2,41.0,2.0,0.073,16.7,6.0,19.9,NASA/JPL CNEOS Fireball Data API
FB_20250913222459_00019,2025-09-13 22:24:59,2025,9,13,-38.1,-64.8,25.1,16.7,0.48,-17.4,1.7,3.6,NASA/JPL CNEOS Fireball Data API
FB_20250910110057_00020,2025-09-10 11:00:57,2025,9,10,-14.8,-142.4,37.0,2.8,0.098,,,,NASA/JPL CNEOS Fireball Data API
FB_20250909174910_00021,2025-09-09 17:49:10,2025,9,9,-2.3,-39.5,24.0,15.3,0.44,-3.6,20.4,0.0,NASA/JPL CNEOS Fireball Data API
FB_20250908100915_00022,2025-09-08 10:09:15,2025,9,8,26.4,42.2,28.4,3.6,0.12,,,,NASA/JPL CNEOS Fireball Data API
FB_20250819140848_00023,2025-08-19 14:08:48,2025,8,19,30.9,131.8,27.5,65.8,1.6,14.7,-13.0,0.1,NASA/JPL CNEOS Fireball Data API
FB_20250812040948_00024,2025-08-12 04:09:48,2025,8,12,-58.5,-22.3,60.0,4.4,0.15,,,,NASA/JPL CNEOS Fireball Data API
FB_20250711014833_00025,2025-07-11 01:48:33,2025,7,11,-6.6,-167.5,28.0,3.2,0.11,13.4,1.8,-0.9,NASA/JPL CNEOS Fireball Data API
FB_20250626162457_00026,2025-06-26 16:24:57,2025,6,26,33.4,-84.1,32.6,17.0,0.48,,,,NASA/JPL CNEOS Fireball Data API
FB_20250626003720_00027,2025-06-26 00:37:20,2025,6,26,12.1,-103.6,30.0,13.2,0.39,16.2,10.3,1.6,NASA/JPL CNEOS Fireball Data API
FB_20250621205514_00028,2025-06-21 20:55:14,2025,6,21,-61.3,157.9,56.3,3.0,0.1,,,,NASA/JPL CNEOS Fireball Data API
FB_20250531230633_00029,2025-05-31 23:06:33,2025,5,31,21.1,-98.8,47.3,38.6,1,12.2,8.6,-9.7,NASA/JPL CNEOS Fireball Data API
FB_20250428150115_00030,2025-04-28 15:01:15,2025,4,28,-45.1,67.3,31.4,3.4,0.12,,,,NASA/JPL CNEOS Fireball Data API
FB_20250421092734_00031,2025-04-21 09:27:34,2025,4,21,-29.1,151.6,41.0,2.3,0.082,,,,NASA/JPL CNEOS Fireball Data API
FB_20250408141648_00032,2025-04-08 14:16:48,2025,4,8,-32.2,10.4,44.9,2.1,0.076,-20.4,9.7,-0.4,NASA/JPL CNEOS Fireball Data API
FB_20250329081243_00033,2025-03-29 08:12:43,2025,3,29,-49.3,14.3,21.6,5.9,0.19,-8.9,-5.2,6.8,NASA/JPL CNEOS Fireball Data API
FB_20250327160523_00034,2025-03-27 16:05:23,2025,3,27,14.3,-111.5,38.1,104.5,2.4,-7.3,19.8,-2.8,NASA/JPL CNEOS Fireball Data API
FB_20250324055143_00035,2025-03-24 05:51:43,2025,3,24,-70.4,114.2,21.5,4.9,0.16,-0.9,-24.8,13.4,NASA/JPL CNEOS Fireball Data API
FB_20250321050626_00036,2025-03-21 05:06:26,2025,3,21,-22.8,123.5,54.2,3.9,0.13,,,,NASA/JPL CNEOS Fireball Data API
FB_20250318174832_00037,2025-03-18 17:48:32,2025,3,18,-1.5,-30.4,27.0,11.0,0.33,-6.6,18.7,-3.1,NASA/JPL CNEOS Fireball Data API
FB_20250313094651_00038,2025-03-13 09:46:51,2025,3,13,-7.1,75.9,38.0,75,1.8,-28.1,0.1,-0.5,NASA/JPL CNEOS Fireball Data API
FB_20250222102608_00039,2025-02-22 10:26:08,2025,2,22,28.1,120.0,46.7,5.5,0.18,-5.0,-11.1,-8.8,NASA/JPL CNEOS Fireball Data API
FB_20250222001650_00040,2025-02-22 00:16:50,2025,2,22,-6.9,12.1,35.0,3.5,0.12,,,,NASA/JPL CNEOS Fireball Data API
FB_20250212043339_00041,2025-02-12 04:33:39,2025,2,12,73.4,49.3,42.0,4.0,0.13,9.5,-19.6,-1.9,NASA/JPL CNEOS Fireball Data API
FB_20250207172557_00042,2025-02-07 17:25:57,2025,2,7,14.4,-58.0,50.8,2.4,0.086,-6.1,15.6,11.1,NASA/JPL CNEOS Fireball Data API
FB_20250206175254_00043,2025-02-06 17:52:54,2025,2,6,-1.7,130.0,36.2,2.0,0.073,3.4,-16.2,-5.5,NASA/JPL CNEOS Fireball Data API
FB_20250202163050_00044,2025-02-02 16:30:50,2025,2,2,-17.7,24.3,40.0,4.0,0.13,,,,NASA/JPL CNEOS Fireball Data API
FB_20250111144600_00045,2025-01-11 14:46:00,2025,1,11,-1.2,55.3,61.0,2.9,0.1,6.8,-11.2,-1.7,NASA/JPL CNEOS Fireball Data API
FB_20250110211107_00046,2025-01-10 21:11:07,2025,1,10,47.2,106.3,34.6,2.7,0.095,-7.1,-8.0,-9.0,NASA/JPL CNEOS Fireball Data API
FB_20241228044512_00047,2024-12-28 04:45:12,2024,12,28,57.7,-168.1,33.7,3.1,0.11,4.3,16.3,-2.2,NASA/JPL CNEOS Fireball Data API
FB_20241220175201_00048,2024-12-20 17:52:01,2024,12,20,14.3,-98.1,32.6,154.2,3.4,2.1,12.3,-17.0,NASA/JPL CNEOS Fireball Data API
FB_20241201085016_00049,2024-12-01 08:50:16,2024,12,1,-42.7,-172.4,35.9,13.0,0.38,17.0,13.9,-2.4,NASA/JPL CNEOS Fireball Data API
FB_20241129221815_00050,2024-11-29 22:18:15,2024,11,29,-74.6,4.4,68.5,2.7,0.095,,,,NASA/JPL CNEOS Fireball Data API
FB_20241129175718_00051,2024-11-29 17:57:18,2024,11,29,-79.4,74.6,62.0,5.8,0.19,,,,NASA/JPL CNEOS Fireball Data API
FB_20241110163152_00052,2024-11-10 16:31:52,2024,11,10,-59.8,-73.6,43,5.7,0.18,,,,NASA/JPL CNEOS Fireball Data API
FB_20241022105448_00053,2024-10-22 10:54:48,2024,10,22,30.0,-136.0,38.2,4.5,0.15,,,,NASA/JPL CNEOS Fireball Data API
FB_20241005122748_00054,2024-10-05 12:27:48,2024,10,5,-55.9,-102.4,39.5,2.7,0.095,0.0,7.5,10.7,NASA/JPL CNEOS Fireball Data API
FB_20240928001019_00055,2024-09-28 00:10:19,2024,9,28,-59.8,-51.8,34.2,10.8,0.32,8.5,4.1,11.6,NASA/JPL CNEOS Fireball Data API
FB_20240923063747_00056,2024-09-23 06:37:47,2024,9,23,-45.6,-31.9,69.0,5.5,0.18,,,,NASA/JPL CNEOS Fireball Data API
FB_20240906123622_00057,2024-09-06 12:36:22,2024,9,6,-12.9,117.7,27.0,2.1,0.076,21.4,-6.7,-2.5,NASA/JPL CNEOS Fireball Data API
FB_20240904163932_00058,2024-09-04 16:39:32,2024,9,4,18.0,122.9,25.0,6.2,0.2,3.9,-19.1,2.6,NASA/JPL CNEOS Fireball Data API
FB_20240825065049_00059,2024-08-25 06:50:49,2024,8,25,-33.6,24.5,38.2,2.6,0.092,-5.5,17.9,7.4,NASA/JPL CNEOS Fireball Data API
FB_20240820125351_00060,2024-08-20 12:53:51,2024,8,20,,,,6.0,0.19,,,,NASA/JPL CNEOS Fireball Data API
FB_20240730192716_00061,2024-07-30 19:27:16,2024,7,30,-6.7,-124.4,39.0,2.7,0.095,-2.0,14.3,-2.2,NASA/JPL CNEOS Fireball Data API
FB_20240720140810_00062,2024-07-20 14:08:10,2024,7,20,-73.7,22.5,38.8,243.3,5.1,28.1,-6.5,10.9,NASA/JPL CNEOS Fireball Data API
FB_20240713031041_00063,2024-07-13 03:10:41,2024,7,13,-7.4,-41.0,32.0,59,1.5,,,,NASA/JPL CNEOS Fireball Data API
FB_20240712000935_00064,2024-07-12 00:09:35,2024,7,12,2.6,46.6,41.5,8.5,0.26,-8.4,-1.8,-20.7,NASA/JPL CNEOS Fireball Data API
FB_20240628160519_00065,2024-06-28 16:05:19,2024,6,28,55.1,140.6,29.2,3.8,0.13,0.6,-15.1,-2.2,NASA/JPL CNEOS Fireball Data API
FB_20240618210132_00066,2024-06-18 21:01:32,2024,6,18,32.2,-31.8,28.7,2.2,0.079,1.8,14.7,-6.6,NASA/JPL CNEOS Fireball Data API
FB_20240618135119_00067,2024-06-18 13:51:19,2024,6,18,44.3,173.2,44.3,49.1,1.2,-0.7,15.0,-32.1,NASA/JPL CNEOS Fireball Data API
FB_20240603011351_00068,2024-06-03 01:13:51,2024,6,3,-63.1,-53.2,60.0,2.67,0.094,,,,NASA/JPL CNEOS Fireball Data API
FB_20240601232458_00069,2024-06-01 23:24:58,2024,6,1,-1.0,-15.9,26.5,8.01,0.25,-11.9,2.1,-3.7,NASA/JPL CNEOS Fireball Data API
FB_20240527031936_00070,2024-05-27 03:19:36,2024,5,27,1.7,-39.4,56.0,8.4,0.26,-33.2,18.4,9.7,NASA/JPL CNEOS Fireball Data API
FB_20240524161959_00071,2024-05-24 16:19:59,2024,5,24,6.6,114.2,42.0,5.4,0.18,26.5,-23.8,8.1,NASA/JPL CNEOS Fireball Data API
FB_20240518224648_00072,2024-05-18 22:46:48,2024,5,18,41.0,-8.8,74.3,3.79,0.13,-26.5,-24.1,18.7,NASA/JPL CNEOS Fireball Data API
FB_20240515124827_00073,2024-05-15 12:48:27,2024,5,15,49.8,-54.0,64.2,2.83,0.099,,,,NASA/JPL CNEOS Fireball Data API
FB_20240505201103_00074,2024-05-05 20:11:03,2024,5,5,-7.1,-112.7,39.0,3.7,0.13,8.4,11.0,-0.7,NASA/JPL CNEOS Fireball Data API
FB_20240409044743_00075,2024-04-09 04:47:43,2024,4,9,36.5,-37.8,36.3,3.33,0.11,,,,NASA/JPL CNEOS Fireball Data API
FB_20240317061758_00076,2024-03-17 06:17:58,2024,3,17,27.6,117.2,42.1,3.3,0.11,1.0,-25.1,4.9,NASA/JPL CNEOS Fireball Data API
FB_20240226112101_00077,2024-02-26 11:21:01,2024,2,26,22.9,57.1,33.1,3.8,0.13,-29.3,5.1,9.7,NASA/JPL CNEOS Fireball Data API
FB_20240205003254_00078,2024-02-05 00:32:54,2024,2,5,-13.8,123.7,23.0,4.85,0.16,14.1,-2.7,1.6,NASA/JPL CNEOS Fireball Data API
FB_20231230210433_00079,2023-12-30 21:04:33,2023,12,30,-63.4,79.9,37.0,23.8,0.65,20.7,14.6,12.7,NASA/JPL CNEOS Fireball Data API
FB_20231211083258_00080,2023-12-11 08:32:58,2023,12,11,-53.6,146.0,31.7,12.2,0.36,-13.7,-16.7,14.5,NASA/JPL CNEOS Fireball Data API
FB_20231205231011_00081,2023-12-05 23:10:11,2023,12,5,10.0,42.9,24.1,2.1,0.076,-18.5,-1.8,-8.9,NASA/JPL CNEOS Fireball Data API
FB_20231121221729_00082,2023-11-21 22:17:29,2023,11,21,-9.4,17.4,37.0,4.4,0.15,-17.9,-3.9,0.1,NASA/JPL CNEOS Fireball Data API
FB_20231030072255_00083,2023-10-30 07:22:55,2023,10,30,-42.9,-44.7,33.8,2.61,0.092,2.8,12.7,11.9,NASA/JPL CNEOS Fireball Data API
FB_20231026085824_00084,2023-10-26 08:58:24,2023,10,26,45.9,-174.8,44.2,29.2,0.78,15.5,24.9,-7.0,NASA/JPL CNEOS Fireball Data API
FB_20231023025126_00085,2023-10-23 02:51:26,2023,10,23,-49.6,75.4,39.0,5.35,0.17,,,,NASA/JPL CNEOS Fireball Data API
FB_20231016171452_00086,2023-10-16 17:14:52,2023,10,16,-6.5,-65.4,35.3,3.12,0.11,-12.2,14.9,-4.8,NASA/JPL CNEOS Fireball Data API
FB_20231014225525_00087,2023-10-14 22:55:25,2023,10,14,-8.4,-161.9,37.0,5.44,0.18,19.3,-0.4,-1.3,NASA/JPL CNEOS Fireball Data API
FB_20230928203233_00088,2023-09-28 20:32:33,2023,9,28,13.2,72.4,37.0,5.01,0.16,,,,NASA/JPL CNEOS Fireball Data API
FB_20230907153446_00089,2023-09-07 15:34:46,2023,9,7,27.0,150.8,,2.16,0.078,,,,NASA/JPL CNEOS Fireball Data API
FB_20230903042800_00090,2023-09-03 04:28:00,2023,9,3,-43.2,102.2,37.0,2.29,0.082,,,,NASA/JPL CNEOS Fireball Data API
FB_20230817055737_00091,2023-08-17 05:57:37,2023,8,17,48.6,100.1,35.4,10.4,0.31,6.4,-12.5,-7.8,NASA/JPL CNEOS Fireball Data API
FB_20230805195449_00092,2023-08-05 19:54:49,2023,8,5,19.9,-131.7,44.0,172,3.8,3.3,20.4,-6.8,NASA/JPL CNEOS Fireball Data API
FB_20230726034153_00093,2023-07-26 03:41:53,2023,7,26,18.9,-103.4,36.1,15.2,0.44,-9.5,12.2,1.9,NASA/JPL CNEOS Fireball Data API
FB_20230707161530_00094,2023-07-07 16:15:30,2023,7,7,14.5,-126.6,38.3,2.62,0.093,2.6,4.1,-25.2,NASA/JPL CNEOS Fireball Data API
FB_20230706055230_00095,2023-07-06 05:52:30,2023,7,6,-59.3,-145.4,71.0,3.12,0.11,,,,NASA/JPL CNEOS Fireball Data API
FB_20230621193912_00096,2023-06-21 19:39:12,2023,6,21,12.4,62.8,40.4,54.7,1.4,7.3,-2.0,-16.4,NASA/JPL CNEOS Fireball Data API
FB_20230520112222_00097,2023-05-20 11:22:22,2023,5,20,-17.8,141.9,29.0,351,7.1,25.4,6.9,9.3,NASA/JPL CNEOS Fireball Data API
FB_20230516232850_00098,2023-05-16 23:28:50,2023,5,16,-2.8,-53.0,,3.06,0.11,,,,NASA/JPL CNEOS Fireball Data API
FB_20230507230005_00099,2023-05-07 23:00:05,2023,5,7,36.1,3.9,,3.98,0.13,,,,NASA/JPL CNEOS Fireball Data API
FB_20230426131459_00100,2023-04-26 13:14:59,2023,4,26,47.0,-10.7,29.6,3.2,0.11,-15.6,-3.8,-1.8,NASA/JPL CNEOS Fireball Data API
FB_20230415082158_00101,2023-04-15 08:21:58,2023,4,15,-20.1,36.0,41.4,321,6.5,1.6,-14.7,8.8,NASA/JPL CNEOS Fireball Data API
FB_20230406144738_00102,2023-04-06 14:47:38,2023,4,6,57.4,109.9,31.2,6.94,0.22,8.6,3.6,-20.0,NASA/JPL CNEOS Fireball Data API
FB_20230401000202_00103,2023-04-01 00:02:02,2023,4,1,-16.8,76.0,61.8,2.34,0.084,21.4,-40.6,7.1,NASA/JPL CNEOS Fireball Data API
FB_20230320065322_00104,2023-03-20 06:53:22,2023,3,20,-23.7,-132.6,34.8,2.69,0.095,,,,NASA/JPL CNEOS Fireball Data API
FB_20230311082128_00105,2023-03-11 08:21:28,2023,3,11,-74.7,79.5,32.0,44.5,1.1,,,,NASA/JPL CNEOS Fireball Data API
FB_20230303025354_00106,2023-03-03 02:53:54,2023,3,3,40.1,87.4,32.0,6.42,0.2,16.1,-19.3,2.6,NASA/JPL CNEOS Fireball Data API
FB_20230219061533_00107,2023-02-19 06:15:33,2023,2,19,7.9,109.9,37.0,13.6,0.4,-1.1,-22.9,1.2,NASA/JPL CNEOS Fireball Data API
FB_20230214225524_00108,2023-02-14 22:55:24,2023,2,14,-48.0,-53.3,32.3,18.4,0.52,-15.1,3.7,-0.9,NASA/JPL CNEOS Fireball Data API
FB_20230202204922_00109,2023-02-02 20:49:22,2023,2,2,-26.2,-143.1,33.0,3.0,0.1,,,,NASA/JPL CNEOS Fireball Data API
FB_20230122171142_00110,2023-01-22 17:11:42,2023,1,22,3.5,-76.2,61.0,1.98,0.072,,,,NASA/JPL CNEOS Fireball Data API
FB_20230117065717_00111,2023-01-17 06:57:17,2023,1,17,33.1,-173.7,38.0,2.92,0.1,7.8,-5.6,-10.5,NASA/JPL CNEOS Fireball Data API
FB_20230111235950_00112,2023-01-11 23:59:50,2023,1,11,31.5,18.6,33.5,3.94,0.13,-16.1,4.5,-5.2,NASA/JPL CNEOS Fireball Data API
FB_20230109011713_00113,2023-01-09 01:17:13,2023,1,9,-45.7,135.0,27.0,7.14,0.22,2.3,-0.4,16.5,NASA/JPL CNEOS Fireball Data API
FB_20230102163801_00114,2023-01-02 16:38:01,2023,1,2,1.5,129.0,44.6,4.58,0.15,,,,NASA/JPL CNEOS Fireball Data API
FB_20221229065208_00115,2022-12-29 06:52:08,2022,12,29,42.3,92.9,32.3,5.77,0.19,0.2,-12.3,-10.9,NASA/JPL CNEOS Fireball Data API
FB_20221213172600_00116,2022-12-13 17:26:00,2022,12,13,32.8,-2.1,20,6.28,0.2,-5.7,14.0,11.0,NASA/JPL CNEOS Fireball Data API
FB_20221120153521_00117,2022-11-20 15:35:21,2022,11,20,-17.0,-95.7,50.0,5.47,0.18,,,,NASA/JPL CNEOS Fireball Data API
FB_20221120135354_00118,2022-11-20 13:53:54,2022,11,20,15.0,-109.7,26.0,3.37,0.12,9.0,12.3,15.4,NASA/JPL CNEOS Fireball Data API
FB_20221108085401_00119,2022-11-08 08:54:01,2022,11,8,77.2,-93.2,41.0,6.17,0.2,,,,NASA/JPL CNEOS Fireball Data API
FB_20221028174011_00120,2022-10-28 17:40:11,2022,10,28,7.1,-118.9,45.0,5.26,0.17,,,,NASA/JPL CNEOS Fireball Data API
FB_20221020205507_00121,2022-10-20 20:55:07,2022,10,20,26.6,165.1,65.6,4.92,0.16,,,,NASA/JPL CNEOS Fireball Data API
FB_20220915024901_00122,2022-09-15 02:49:01,2022,9,15,22.7,97.6,31.5,2.74,0.096,,,,NASA/JPL CNEOS Fireball Data API
FB_20220914233114_00123,2022-09-14 23:31:14,2022,9,14,40.8,63.4,35.8,2.65,0.094,-13.9,-4.3,9.5,NASA/JPL CNEOS Fireball Data API
FB_20220904035455_00124,2022-09-04 03:54:55,2022,9,4,20.0,165.9,14.0,2.45,0.087,18.4,-11.4,-3.5,NASA/JPL CNEOS Fireball Data API
FB_20220821163549_00125,2022-08-21 16:35:49,2022,8,21,-6.3,51.5,37,2.74,0.096,,,,NASA/JPL CNEOS Fireball Data API
FB_20220814073917_00126,2022-08-14 07:39:17,2022,8,14,-35.0,78.4,55.5,40.6,1,,,,NASA/JPL CNEOS Fireball Data API
FB_20220728013607_00127,2022-07-28 01:36:07,2022,7,28,-6.0,-86.9,37.5,25.3,0.69,-17.1,23.5,-7.2,NASA/JPL CNEOS Fireball Data API
FB_20220727044127_00128,2022-07-27 04:41:27,2022,7,27,-44.8,-2.9,38.1,53.3,1.3,-6.1,17.7,6.5,NASA/JPL CNEOS Fireball Data API
FB_20220725072816_00129,2022-07-25 07:28:16,2022,7,25,-40.5,76.6,33.6,8.68,0.27,-2.1,-2.2,14.9,NASA/JPL CNEOS Fireball Data API
FB_20220722001618_00130,2022-07-22 00:16:18,2022,7,22,-23.3,-20.5,32.7,6.76,0.21,-7.1,15.5,-3.3,NASA/JPL CNEOS Fireball Data API
FB_20220720105652_00131,2022-07-20 10:56:52,2022,7,20,-43.0,-59.6,32.2,4.6,0.15,-0.9,15.6,-3.6,NASA/JPL CNEOS Fireball Data API
FB_20220708013636_00132,2022-07-08 01:36:36,2022,7,8,21.3,130.1,22.0,3.14,0.11,17.9,-4.1,-8.3,NASA/JPL CNEOS Fireball Data API
FB_20220707014925_00133,2022-07-07 01:49:25,2022,7,7,-41.7,175.0,35,73.4,1.8,,,,NASA/JPL CNEOS Fireball Data API
FB_20220630040256_00134,2022-06-30 04:02:56,2022,6,30,-31.9,-12.9,56,9.16,0.28,,,,NASA/JPL CNEOS Fireball Data API
FB_20220626201626_00135,2022-06-26 20:16:26,2022,6,26,-69.7,164.7,19.0,6.09,0.2,0.2,-18.3,8.2,NASA/JPL CNEOS Fireball Data API
FB_20220614131227_00136,2022-06-14 13:12:27,2022,6,14,4.6,-39.1,61.0,6.68,0.21,,,,NASA/JPL CNEOS Fireball Data API
FB_20220607225317_00137,2022-06-07 22:53:17,2022,6,7,40.8,-127.1,41.1,2.82,0.099,23.1,2.0,-9.2,NASA/JPL CNEOS Fireball Data API
FB_20220524023820_00138,2022-05-24 02:38:20,2022,5,24,16.3,-30.4,39.8,11.2,0.33,,,,NASA/JPL CNEOS Fireball Data API
FB_20220421221528_00139,2022-04-21 22:15:28,2022,4,21,-55.5,-68.9,28.4,3.1,0.11,-4.2,11.6,3.2,NASA/JPL CNEOS Fireball Data API
FB_20220412215911_00140,2022-04-12 21:59:11,2022,4,12,-8.2,57.8,23.8,3.09,0.11,-19.3,-6.3,3.6,NASA/JPL CNEOS Fireball Data API
FB_20220404003039_00141,2022-04-04 00:30:39,2022,4,4,-3.2,-64.3,31.5,2.6,0.092,-17.6,5.3,-7.2,NASA/JPL CNEOS Fireball Data API
FB_20220330181917_00142,2022-03-30 18:19:17,2022,3,30,-45.9,-171.4,74.0,2.06,0.075,,,,NASA/JPL CNEOS Fireball Data API
FB_20220328102024_00143,2022-03-28 10:20:24,2022,3,28,-7.7,74.3,29.0,37.8,0.98,-16.6,-10.4,0.1,NASA/JPL CNEOS Fireball Data API
FB_20220325034341_00144,2022-03-25 03:43:41,2022,3,25,1.9,-20.6,,2.1,0.076,,,,NASA/JPL CNEOS Fireball Data API
FB_20220324034342_00145,2022-03-24 03:43:42,2022,3,24,1.9,-20.6,56.7,7.6,0.24,-12.4,11.4,6.9,NASA/JPL CNEOS Fireball Data API
FB_20220311212245_00146,2022-03-11 21:22:45,2022,3,11,70.0,-9.1,33.3,175,3.8,-11.5,-5.3,-11.7,NASA/JPL CNEOS Fireball Data API
FB_20220306150614_00147,2022-03-06 15:06:14,2022,3,6,-4.1,-99.5,,4.06,0.14,,,,NASA/JPL CNEOS Fireball Data API
FB_20220303000302_00148,2022-03-03 00:03:02,2022,3,3,-50.4,45.9,72.0,1.93,0.071,,,,NASA/JPL CNEOS Fireball Data API
FB_20220217120806_00149,2022-02-17 12:08:06,2022,2,17,33.5,-38.9,41.0,10.7,0.32,,,,NASA/JPL CNEOS Fireball Data API
FB_20220217035323_00150,2022-02-17 03:53:23,2022,2,17,5.4,56.4,32.4,6.2,0.2,-4.4,-19.6,-7.7,NASA/JPL CNEOS Fireball Data API
FB_20220207200625_00151,2022-02-07 20:06:25,2022,2,7,-28.7,11.4,26.5,348,7,-8.9,-7.3,-6.3,NASA/JPL CNEOS Fireball Data API
FB_20220203195040_00152,2022-02-03 19:50:40,2022,2,3,-13.3,142.2,36.0,15.4,0.44,17.6,9.7,-10.8,NASA/JPL CNEOS Fireball Data API
FB_20220130020618_00153,2022-01-30 02:06:18,2022,1,30,50.0,-38.0,36.6,5.04,0.17,-10.8,16.8,1.0,NASA/JPL CNEOS Fireball Data API
FB_20220128050445_00154,2022-01-28 05:04:45,2022,1,28,-4.5,-73.9,37.0,34.8,0.91,,,,NASA/JPL CNEOS Fireball Data API
FB_20220111033313_00155,2022-01-11 03:33:13,2022,1,11,-58.4,-160.2,40.8,126,2.9,-2.5,5.3,22.0,NASA/JPL CNEOS Fireball Data API
FB_20220101202303_00156,2022-01-01 20:23:03,2022,1,1,66.1,-152.6,35.5,14.3,0.42,,,,NASA/JPL CNEOS Fireball Data API
FB_20211229031535_00157,2021-12-29 03:15:35,2021,12,29,-69.7,115.0,44,2.05,0.075,7.4,-8.6,18.8,NASA/JPL CNEOS Fireball Data API
FB_20211223212758_00158,2021-12-23 21:27:58,2021,12,23,-4.9,-29.6,37,1.72,0.064,,,,NASA/JPL CNEOS Fireball Data API
FB_20211220231554_00159,2021-12-20 23:15:54,2021,12,20,62.7,60.3,56,3.2,0.11,10.3,-7.1,-13.2,NASA/JPL CNEOS Fireball Data API
FB_20211210011905_00160,2021-12-10 01:19:05,2021,12,10,-47.5,172.6,27.5,5.32,0.17,,,,NASA/JPL CNEOS Fireball Data API
FB_20211128180650_00161,2021-11-28 18:06:50,2021,11,28,32.6,113.5,38.4,3,0.1,0.2,-2.2,-19.6,NASA/JPL CNEOS Fireball Data API
FB_20211117155311_00162,2021-11-17 15:53:11,2021,11,17,-6.8,119.1,35.0,2.51,0.089,7.0,-18.3,-12.0,NASA/JPL CNEOS Fireball Data API
FB_20211108052828_00163,2021-11-08 05:28:28,2021,11,8,-33.8,-7.7,36,2.95,0.1,,,,NASA/JPL CNEOS Fireball Data API
FB_20211028091029_00164,2021-10-28 09:10:29,2021,10,28,-4.1,-138.7,35.2,2.77,0.097,,,,NASA/JPL CNEOS Fireball Data API
FB_20211021103202_00165,2021-10-21 10:32:02,2021,10,21,51.5,51.4,30,4.15,0.14,-14.1,-7.0,-1.9,NASA/JPL CNEOS Fireball Data API
FB_20211020084150_00166,2021-10-20 08:41:50,2021,10,20,13.8,-140.4,28,5.91,0.19,,,,NASA/JPL CNEOS Fireball Data API
FB_20211020004353_00167,2021-10-20 00:43:53,2021,10,20,59.0,154.3,31.4,3.82,0.13,12.9,4.2,-23.9,NASA/JPL CNEOS Fireball Data API
FB_20210929105059_00168,2021-09-29 10:50:59,2021,9,29,53.9,-148.0,28.0,17.4,0.49,-3.5,-9.0,-18.9,NASA/JPL CNEOS Fireball Data API
FB_20210906175541_00169,2021-09-06 17:55:41,2021,9,6,-2.1,-111.8,26.0,2.61,0.092,-4.4,6.9,10.9,NASA/JPL CNEOS Fireball Data API
FB_20210730080633_00170,2021-07-30 08:06:33,2021,7,30,-7.8,90.1,63.0,7.32,0.23,,,,NASA/JPL CNEOS Fireball Data API
FB_20210729131957_00171,2021-07-29 13:19:57,2021,7,29,42.4,98.4,26.4,3.7,0.13,-1.6,-11.9,-8.4,NASA/JPL CNEOS Fireball Data API
FB_20210707134113_00172,2021-07-07 13:41:13,2021,7,7,,,,5.3,0.17,,,,NASA/JPL CNEOS Fireball Data API
FB_20210705034622_00173,2021-07-05 03:46:22,2021,7,5,44.3,-164.2,43.4,75.4,1.8,0.7,15.7,-0.5,NASA/JPL CNEOS Fireball Data API
FB_20210609054357_00174,2021-06-09 05:43:57,2021,6,9,-17.9,-55.3,,1.99,0.073,,,,NASA/JPL CNEOS Fireball Data API
FB_20210516155107_00175,2021-05-16 15:51:07,2021,5,16,-52.1,-171.2,37.0,4.34,0.14,,,,NASA/JPL CNEOS Fireball Data API
FB_20210506055426_00176,2021-05-06 05:54:26,2021,5,6,-34.7,141.0,31.0,5.57,0.18,9.6,-24.4,-4.6,NASA/JPL CNEOS Fireball Data API
FB_20210502141249_00177,2021-05-02 14:12:49,2021,5,2,12.3,-43.4,,3.01,0.1,,,,NASA/JPL CNEOS Fireball Data API
FB_20210413021647_00178,2021-04-13 02:16:47,2021,4,13,26.8,-79.1,44.4,2.29,0.082,-2.8,12.6,5.6,NASA/JPL CNEOS Fireball Data API
FB_20210402155257_00179,2021-04-02 15:52:57,2021,4,2,71.2,106.7,40.0,18.3,0.52,-8.9,6.3,-9.0,NASA/JPL CNEOS Fireball Data API
FB_20210306084306_00180,2021-03-06 08:43:06,2021,3,6,-48.6,90.4,31.1,15.5,0.45,12.7,-4.7,12.0,NASA/JPL CNEOS Fireball Data API
FB_20210305135001_00181,2021-03-05 13:50:01,2021,3,5,-81.1,141.1,32.5,3.91,0.13,10.1,-8.4,19.2,NASA/JPL CNEOS Fireball Data API
FB_20210228034737_00182,2021-02-28 03:47:37,2021,2,28,9.2,-64.1,,2.19,0.079,,,,NASA/JPL CNEOS Fireball Data API
FB_20210209232729_00183,2021-02-09 23:27:29,2021,2,9,75.8,-92.8,31.0,3.64,0.12,-5.2,6.3,-10.3,NASA/JPL CNEOS Fireball Data API
FB_20210202100320_00184,2021-02-02 10:03:20,2021,2,2,48.7,80.1,20,3.5,0.12,4.0,-6.7,-10.1,NASA/JPL CNEOS Fireball Data API
FB_20210131025938_00185,2021-01-31 02:59:38,2021,1,31,5.3,115.2,39.4,27.8,0.75,14.0,-5.8,1.7,NASA/JPL CNEOS Fireball Data API
FB_20210129161247_00186,2021-01-29 16:12:47,2021,1,29,38.8,-51.3,30.0,7.23,0.23,-14.2,1.9,-.6,NASA/JPL CNEOS Fireball Data API
FB_20210125030137_00187,2021-01-25 03:01:37,2021,1,25,38.5,-47.6,19.1,7.26,0.23,,,,NASA/JPL CNEOS Fireball Data API
FB_20210124073343_00188,2021-01-24 07:33:43,2021,1,24,-45.0,95.5,37.5,6.36,0.2,13.3,-3.7,13.3,NASA/JPL CNEOS Fireball Data API
FB_20201229203222_00189,2020-12-29 20:32:22,2020,12,29,14.9,-158.2,33.0,9.99,0.3,-3.0,10.2,-9.7,NASA/JPL CNEOS Fireball Data API
FB_20201228172753_00190,2020-12-28 17:27:53,2020,12,28,36.8,-54.7,28.3,2.9,0.1,1.5,3.5,-14.7,NASA/JPL CNEOS Fireball Data API
FB_20201222232328_00191,2020-12-22 23:23:28,2020,12,22,31.9,96.2,35.5,667,12,-2.6,5.9,-12.1,NASA/JPL CNEOS Fireball Data API
FB_20201128163410_00192,2020-11-28 16:34:10,2020,11,28,33.3,135.1,28.1,2,0.073,1.8,-16.5,-10.4,NASA/JPL CNEOS Fireball Data API
FB_20201125122050_00193,2020-11-25 12:20:50,2020,11,25,-30.5,-81.0,,10.1,0.31,,,,NASA/JPL CNEOS Fireball Data API
FB_20201107212704_00194,2020-11-07 21:27:04,2020,11,7,59.8,16.8,22.3,8.53,0.26,-10.8,1.2,-12.7,NASA/JPL CNEOS Fireball Data API
FB_20201026150709_00195,2020-10-26 15:07:09,2020,10,26,-5.9,160.4,28.5,9.83,0.3,10.9,-13.8,-0.1,NASA/JPL CNEOS Fireball Data API
FB_20201023205138_00196,2020-10-23 20:51:38,2020,10,23,30.0,-71.9,48.0,42.7,1.1,,,,NASA/JPL CNEOS Fireball Data API
FB_20201022173933_00197,2020-10-22 17:39:33,2020,10,22,22.0,-133.5,40.0,4.29,0.14,-9.4,14.1,-4.9,NASA/JPL CNEOS Fireball Data API
FB_20201021185733_00198,2020-10-21 18:57:33,2020,10,21,12.9,-150.2,,3.01,0.1,,,,NASA/JPL CNEOS Fireball Data API
FB_20201021063849_00199,2020-10-21 06:38:49,2020,10,21,-29.7,-93.9,39,3.29,0.11,,,,NASA/JPL CNEOS Fireball Data API
FB_20201019070547_00200,2020-10-19 07:05:47,2020,10,19,48.6,93.9,40.7,2.21,0.08,,,,NASA/JPL CNEOS Fireball Data API
FB_20201018105242_00201,2020-10-18 10:52:42,2020,10,18,-11.4,-135.8,36.0,4.09,0.14,15.6,1.5,4.9,NASA/JPL CNEOS Fireball Data API
FB_20200918080526_00202,2020-09-18 08:05:26,2020,9,18,2.4,-169.7,46.0,5.45,0.18,10.2,2.9,-4.9,NASA/JPL CNEOS Fireball Data API
FB_20200830160821_00203,2020-08-30 16:08:21,2020,8,30,26.0,133.5,27.8,6.24,0.2,7.8,-21.7,3.7,NASA/JPL CNEOS Fireball Data API
FB_20200802163624_00204,2020-08-02 16:36:24,2020,8,2,-35.1,-34.2,38.0,6.5,0.21,0.5,6.0,9.3,NASA/JPL CNEOS Fireball Data API
FB_20200722025540_00205,2020-07-22 02:55:40,2020,7,22,-20.0,-103.8,36.0,2.26,0.081,,,,NASA/JPL CNEOS Fireball Data API
FB_20200720212509_00206,2020-07-20 21:25:09,2020,7,20,-51.8,-11.2,31.6,5.06,0.17,-2.9,-1.0,-13.8,NASA/JPL CNEOS Fireball Data API
FB_20200712075031_00207,2020-07-12 07:50:31,2020,7,12,-48.7,74.0,29.4,8.75,0.27,-5.0,-13.0,-11.9,NASA/JPL CNEOS Fireball Data API
FB_20200527173017_00208,2020-05-27 17:30:17,2020,5,27,40.8,41.7,29.3,6.05,0.19,-6.0,-7.3,-11.5,NASA/JPL CNEOS Fireball Data API
FB_20200518011109_00209,2020-05-18 01:11:09,2020,5,18,-38.7,77.2,25,13.7,0.4,,,,NASA/JPL CNEOS Fireball Data API
FB_20200512232256_00210,2020-05-12 23:22:56,2020,5,12,15.9,174.2,,7.53,0.24,,,,NASA/JPL CNEOS Fireball Data API
FB_20200509093752_00211,2020-05-09 09:37:52,2020,5,9,7.2,-44.2,52.5,3.93,0.13,,,,NASA/JPL CNEOS Fireball Data API
FB_20200509025611_00212,2020-05-09 02:56:11,2020,5,9,44.8,-131.0,31.2,3.53,0.12,-13.0,-4.0,-5.0,NASA/JPL CNEOS Fireball Data API
FB_20200428054317_00213,2020-04-28 05:43:17,2020,4,28,20.1,-109.4,,2.1,0.076,,,,NASA/JPL CNEOS Fireball Data API
FB_20200418130838_00214,2020-04-18 13:08:38,2020,4,18,12.5,-49.8,,2.27,0.082,,,,NASA/JPL CNEOS Fireball Data API
FB_20200414111116_00215,2020-04-14 11:11:16,2020,4,14,-65.6,-45.6,,2.0,0.073,,,,NASA/JPL CNEOS Fireball Data API
FB_20200326232756_00216,2020-03-26 23:27:56,2020,3,26,-38.3,23.5,26.5,11.8,0.35,-10,3.2,17.8,NASA/JPL CNEOS Fireball Data API
FB_20200323165150_00217,2020-03-23 16:51:50,2020,3,23,-24.4,-67.9,25,13.3,0.39,,,,NASA/JPL CNEOS Fireball Data API
FB_20200322064429_00218,2020-03-22 06:44:29,2020,3,22,,,,2.63,0.093,,,,NASA/JPL CNEOS Fireball Data API
FB_20200304202558_00219,2020-03-04 20:25:58,2020,3,4,-53.3,90.8,24.3,37.9,0.98,-5.2,2.2,19.0,NASA/JPL CNEOS Fireball Data API
FB_20200228093034_00220,2020-02-28 09:30:34,2020,2,28,45.7,15.1,34.5,10.4,0.31,-18.2,-11.3,-2.1,NASA/JPL CNEOS Fireball Data API
FB_20200224222128_00221,2020-02-24 22:21:28,2020,2,24,3.6,-96.0,,2.01,0.073,,,,NASA/JPL CNEOS Fireball Data API
FB_20200210234817_00222,2020-02-10 23:48:17,2020,2,10,28.2,76.7,41.7,1.24,0.048,-27.8,-14.3,-5.2,NASA/JPL CNEOS Fireball Data API
FB_20200127053913_00223,2020-01-27 05:39:13,2020,1,27,30.4,1.5,32.5,6.32,0.2,-2.0,-16.6,-10.6,NASA/JPL CNEOS Fireball Data API
FB_20200124111330_00224,2020-01-24 11:13:30,2020,1,24,28.0,-35.8,32.0,3.18,0.11,-18.6,-9.0,-4.7,NASA/JPL CNEOS Fireball Data API
FB_20200121200743_00225,2020-01-21 20:07:43,2020,1,21,33.1,34.3,43.3,2.86,0.1,-7.5,-23.5,-11.9,NASA/JPL CNEOS Fireball Data API
FB_20200117212946_00226,2020-01-17 21:29:46,2020,1,17,19.4,-66.0,14.5,13.3,0.39,-13.2,8.1,1.2,NASA/JPL CNEOS Fireball Data API
FB_20200116093142_00227,2020-01-16 09:31:42,2020,1,16,-71.7,-116.4,27.8,5.14,0.17,9.8,-4.5,7.0,NASA/JPL CNEOS Fireball Data API
FB_20200115063139_00228,2020-01-15 06:31:39,2020,1,15,-23.7,-125.2,31.5,20,0.56,,,,NASA/JPL CNEOS Fireball Data API
FB_20200106110349_00229,2020-01-06 11:03:49,2020,1,6,-70.4,-17.5,,3.32,0.11,,,,NASA/JPL CNEOS Fireball Data API
FB_20191221143052_00230,2019-12-21 14:30:52,2019,12,21,56.5,-147.6,35.5,8.37,0.26,14.9,-8.1,-14.3,NASA/JPL CNEOS Fireball Data API
FB_20191211011910_00231,2019-12-11 01:19:10,2019,12,11,47.7,161.7,37,2.51,0.089,13.7,-10.9,-3.3,NASA/JPL CNEOS Fireball Data API
FB_20191206101957_00232,2019-12-06 10:19:57,2019,12,6,-3.3,-37.7,19.5,4.08,0.14,,,,NASA/JPL CNEOS Fireball Data API
FB_20191203064627_00233,2019-12-03 06:46:27,2019,12,3,5.6,-52.2,61.5,4.66,0.15,,,,NASA/JPL CNEOS Fireball Data API
FB_20191128203053_00234,2019-11-28 20:30:53,2019,11,28,35.7,-31.7,35,2.99,0.1,-11.6,-2.5,-5.4,NASA/JPL CNEOS Fireball Data API
FB_20191128132210_00235,2019-11-28 13:22:10,2019,11,28,,,,5.67,0.18,,,,NASA/JPL CNEOS Fireball Data API
FB_20191128115502_00236,2019-11-28 11:55:02,2019,11,28,-22.1,25.7,22.5,2.47,0.088,-22.8,-5.5,7.6,NASA/JPL CNEOS Fireball Data API
FB_20191105112450_00237,2019-11-05 11:24:50,2019,11,5,-10.4,-143.3,38.0,15.2,0.44,5.2,12.3,23.9,NASA/JPL CNEOS Fireball Data API
FB_20191022222115_00238,2019-10-22 22:21:15,2019,10,22,12.0,-76.0,40.7,3.41,0.12,,,,NASA/JPL CNEOS Fireball Data API
FB_20191010161636_00239,2019-10-10 16:16:36,2019,10,10,44.3,122.9,47.3,20.3,0.57,1.5,-12.9,-5.4,NASA/JPL CNEOS Fireball Data API
FB_20190928104019_00240,2019-09-28 10:40:19,2019,9,28,-12.5,-107.2,52,2.15,0.078,-10.1,11.2,13.7,NASA/JPL CNEOS Fireball Data API
FB_20190927133545_00241,2019-09-27 13:35:45,2019,9,27,25.7,-28.4,,6.68,0.21,,,,NASA/JPL CNEOS Fireball Data API
FB_20190914123933_00242,2019-09-14 12:39:33,2019,9,14,-38.6,-33.5,38,11.1,0.33,-12.9,8.1,4.6,NASA/JPL CNEOS Fireball Data API
FB_20190913020203_00243,2019-09-13 02:02:03,2019,9,13,-18.6,126.9,27.4,4.27,0.14,5.2,-8.1,9.5,NASA/JPL CNEOS Fireball Data API
FB_20190912124947_00244,2019-09-12 12:49:47,2019,9,12,54.5,9.2,42,14.6,0.42,-18.1,-0.4,3.7,NASA/JPL CNEOS Fireball Data API
FB_20190912023458_00245,2019-09-12 02:34:58,2019,9,12,24.9,-47.8,30.6,5.8,0.19,-11.7,11.7,4.6,NASA/JPL CNEOS Fireball Data API
FB_20190824120259_00246,2019-08-24 12:02:59,2019,8,24,21.9,-130.4,39.8,4.0,0.13,11.1,-5.2,5.4,NASA/JPL CNEOS Fireball Data API
FB_20190822214726_00247,2019-08-22 21:47:26,2019,8,22,-24.4,-92.9,30.2,2,0.073,,,,NASA/JPL CNEOS Fireball Data API
FB_20190816203605_00248,2019-08-16 20:36:05,2019,8,16,38.9,7.0,36.0,3.01,0.1,-3.9,4.0,-13.8,NASA/JPL CNEOS Fireball Data API
FB_20190723204257_00249,2019-07-23 20:42:57,2019,7,23,44.6,-147.6,30.6,25.2,0.69,1.5,15.1,-5.5,NASA/JPL CNEOS Fireball Data API
FB_20190630165247_00250,2019-06-30 16:52:47,2019,6,30,21.2,-129.5,59.0,3.28,0.11,25.2,31.2,-13.3,NASA/JPL CNEOS Fireball Data API
FB_20190630081129_00251,2019-06-30 08:11:29,2019,6,30,-2.5,168.7,,2.1,0.076,,,,NASA/JPL CNEOS Fireball Data API
FB_20190622212547_00252,2019-06-22 21:25:47,2019,6,22,14.9,-66.2,25.0,294,6,-13.4,6.0,2.5,NASA/JPL CNEOS Fireball Data API
FB_20190620060732_00253,2019-06-20 06:07:32,2019,6,20,7.3,-67.6,37.0,2.8,0.098,,,,NASA/JPL CNEOS Fireball Data API
FB_20190526100754_00254,2019-05-26 10:07:54,2019,5,26,56.6,-25.3,24.4,2.27,0.082,3.8,-5.8,16.1,NASA/JPL CNEOS Fireball Data API
FB_20190525064404_00255,2019-05-25 06:44:04,2019,5,25,-19.2,89.4,29.2,11.8,0.35,0.2,-15.7,2.1,NASA/JPL CNEOS Fireball Data API
FB_20190522151649_00256,2019-05-22 15:16:49,2019,5,22,10.8,-37.3,32.6,10.4,0.31,,,,NASA/JPL CNEOS Fireball Data API
FB_20190521131233_00257,2019-05-21 13:12:33,2019,5,21,-38.8,137.5,31.5,65.4,1.6,4.4,-8.5,6.4,NASA/JPL CNEOS Fireball Data API
FB_20190519144703_00258,2019-05-19 14:47:03,2019,5,19,-23.6,132.8,33.3,4.14,0.14,7.3,-12.2,5.3,NASA/JPL CNEOS Fireball Data API
FB_20190512224148_00259,2019-05-12 22:41:48,2019,5,12,6.2,-57.1,,1.92,0.07,,,,NASA/JPL CNEOS Fireball Data API
FB_20190504153546_00260,2019-05-04 15:35:46,2019,5,4,28.4,-88.3,26.5,2.24,0.081,,,,NASA/JPL CNEOS Fireball Data API
FB_20190422214210_00261,2019-04-22 21:42:10,2019,4,22,-48.8,67.8,33.3,12.4,0.37,3.4,-4.2,10.0,NASA/JPL CNEOS Fireball Data API
FB_20190414175433_00262,2019-04-14 17:54:33,2019,4,14,18.3,-74.6,30.6,3.27,0.11,-2.5,5.9,-14.6,NASA/JPL CNEOS Fireball Data API
FB_20190406115909_00263,2019-04-06 11:59:09,2019,4,6,56.5,94.9,41.5,7.36,0.23,6.2,11.1,-12.9,NASA/JPL CNEOS Fireball Data API
FB_20190404221901_00264,2019-04-04 22:19:01,2019,4,4,35.3,-93.9,,2.8,0.098,,,,NASA/JPL CNEOS Fireball Data API
FB_20190327125034_00265,2019-03-27 12:50:34,2019,3,27,-41.8,-7.4,,2.21,0.08,,,,NASA/JPL CNEOS Fireball Data API
FB_20190319020639_00266,2019-03-19 02:06:39,2019,3,19,-24.0,140.3,28.7,2.86,0.1,10.2,0.4,12.6,NASA/JPL CNEOS Fireball Data API
FB_20190315122656_00267,2019-03-15 12:26:56,2019,3,15,63.7,95.7,31.5,6.87,0.22,5.4,-13.2,1.7,NASA/JPL CNEOS Fireball Data API
FB_20190218100042_00268,2019-02-18 10:00:42,2019,2,18,-15.5,25.3,26,199,4.3,-16.6,-12.6,0.6,NASA/JPL CNEOS Fireball Data API
FB_20190201181709_00269,2019-02-01 18:17:09,2019,2,1,22.5,-83.8,23.7,68.2,1.7,-2.4,13.6,8.7,NASA/JPL CNEOS Fireball Data API
FB_20190129204719_00270,2019-01-29 20:47:19,2019,1,29,,,,2.66,0.094,,,,NASA/JPL CNEOS Fireball Data API
FB_20190122091800_00271,2019-01-22 09:18:00,2019,1,22,18.0,6.5,42.5,4.85,0.16,-8.6,-5.9,5.0,NASA/JPL CNEOS Fireball Data API
FB_20181223233802_00272,2018-12-23 23:38:02,2018,12,23,-47.5,-174.4,31.8,8.99,0.28,9.9,7.6,10.8,NASA/JPL CNEOS Fireball Data API
FB_20181218234818_00273,2018-12-18 23:48:18,2018,12,18,56.9,172.4,26.0,3130,49,6.30,-3.00,-31.20,NASA/JPL CNEOS Fireball Data API
FB_20181120173027_00274,2018-11-20 17:30:27,2018,11,20,25.3,-6.7,27.4,42.2,1.1,-10.1,13.9,3.0,NASA/JPL CNEOS Fireball Data API
FB_20181117214823_00275,2018-11-17 21:48:23,2018,11,17,47.3,-172.9,32.5,19.4,0.54,7.6,17.3,-2.7,NASA/JPL CNEOS Fireball Data API
FB_20181115080244_00276,2018-11-15 08:02:44,2018,11,15,42.0,-57.0,,3.52,0.12,,,,NASA/JPL CNEOS Fireball Data API
FB_20181114040346_00277,2018-11-14 04:03:46,2018,11,14,-37.6,83.5,37,2.79,0.098,,,,NASA/JPL CNEOS Fireball Data API
FB_20181024211907_00278,2018-10-24 21:19:07,2018,10,24,-6.7,-148.6,33.3,4.13,0.14,,,,NASA/JPL CNEOS Fireball Data API
FB_20181022071103_00279,2018-10-22 07:11:03,2018,10,22,,,,2.6,0.092,,,,NASA/JPL CNEOS Fireball Data API
FB_20181005002702_00280,2018-10-05 00:27:02,2018,10,5,-39.8,-31.7,31.5,6.27,0.2,-13.2,-6.5,-0.4,NASA/JPL CNEOS Fireball Data API
FB_20180925141042_00281,2018-09-25 14:10:42,2018,9,25,-23.5,56.8,33.0,80.8,1.9,-16.2,2.8,0.6,NASA/JPL CNEOS Fireball Data API
FB_20180925001658_00282,2018-09-25 00:16:58,2018,9,25,-34.3,44.9,40.7,5.45,0.18,-11.0,2.5,-5.5,NASA/JPL CNEOS Fireball Data API
FB_20180920182903_00283,2018-09-20 18:29:03,2018,9,20,-67.3,75.1,,4.03,0.14,-5.6,-7.9,5.5,NASA/JPL CNEOS Fireball Data API
FB_20180917010801_00284,2018-09-17 01:08:01,2018,9,17,-6.8,-27.8,,16.2,0.46,,,,NASA/JPL CNEOS Fireball Data API
FB_20180913005121_00285,2018-09-13 00:51:21,2018,9,13,42.5,-50.1,,3.88,0.13,,,,NASA/JPL CNEOS Fireball Data API
FB_20180827043644_00286,2018-08-27 04:36:44,2018,8,27,-1.7,141.4,33.0,3.28,0.11,9.8,-9.6,-8.4,NASA/JPL CNEOS Fireball Data API
FB_20180821122614_00287,2018-08-21 12:26:14,2018,8,21,-39.2,-162.9,37.0,2.49,0.088,,,,NASA/JPL CNEOS Fireball Data API
FB_20180727093514_00288,2018-07-27 09:35:14,2018,7,27,-58.8,105.8,32.0,10.9,0.33,,,,NASA/JPL CNEOS Fireball Data API
FB_20180725215523_00289,2018-07-25 21:55:23,2018,7,25,76.9,-69.0,43.3,54.4,1.4,20.4,12.9,-3.8,NASA/JPL CNEOS Fireball Data API
FB_20180717151737_00290,2018-07-17 15:17:37,2018,7,17,82.5,-136.7,,18.7,0.53,,,,NASA/JPL CNEOS Fireball Data API
FB_20180626175153_00291,2018-06-26 17:51:53,2018,6,26,32.0,12.1,63.0,2.95,0.1,-10.0,-1.0,-9.9,NASA/JPL CNEOS Fireball Data API
FB_20180621011620_00292,2018-06-21 01:16:20,2018,6,21,52.8,38.1,27.2,124,2.8,-8.9,-4.3,-10.5,NASA/JPL CNEOS Fireball Data API
FB_20180602164412_00293,2018-06-02 16:44:12,2018,6,2,-21.2,23.3,28.7,34.6,0.91,0.9,-16.4,3.9,NASA/JPL CNEOS Fireball Data API
FB_20180512032646_00294,2018-05-12 03:26:46,2018,5,12,-6.5,173.7,34,17.1,0.49,,,,NASA/JPL CNEOS Fireball Data API
FB_20180508022713_00295,2018-05-08 02:27:13,2018,5,8,32.0,-60.7,,7.3,0.23,,,,NASA/JPL CNEOS Fireball Data API
FB_20180503072359_00296,2018-05-03 07:23:59,2018,5,3,46.9,-7.5,39,4.24,0.14,1.3,-2.1,-11.2,NASA/JPL CNEOS Fireball Data API
FB_20180430131757_00297,2018-04-30 13:17:57,2018,4,30,-45.5,-1.4,34,3.0,0.1,8.7,-9.5,2.5,NASA/JPL CNEOS Fireball Data API
FB_20180421120603_00298,2018-04-21 12:06:03,2018,4,21,-59.0,45.8,28.2,3.71,0.13,7.1,-4.6,11.9,NASA/JPL CNEOS Fireball Data API
FB_20180419140227_00299,2018-04-19 14:02:27,2018,4,19,7.5,3.6,30,3.4,0.12,-9.1,-2.5,18.6,NASA/JPL CNEOS Fireball Data API
FB_20180419133939_00300,2018-04-19 13:39:39,2018,4,19,-22.2,72.6,31.5,48,1.2,-5.9,-9.1,1.4,NASA/JPL CNEOS Fireball Data API
FB_20180407030509_00301,2018-04-07 03:05:09,2018,4,7,72.4,-78.7,31.5,7.19,0.23,,,,NASA/JPL CNEOS Fireball Data API
FB_20180221012803_00302,2018-02-21 01:28:03,2018,2,21,-13.5,-37.1,31.5,7.52,0.24,-0.9,13.1,-0.4,NASA/JPL CNEOS Fireball Data API
FB_20180215133822_00303,2018-02-15 13:38:22,2018,2,15,-43.8,-1.1,50.7,2.63,0.093,,,,NASA/JPL CNEOS Fireball Data API
FB_20180212021519_00304,2018-02-12 02:15:19,2018,2,12,-15.9,-58.9,,3.58,0.12,,,,NASA/JPL CNEOS Fireball Data API
FB_20180208222140_00305,2018-02-08 22:21:40,2018,2,8,42.9,179.7,43.5,34.5,0.91,,,,NASA/JPL CNEOS Fireball Data API
FB_20180201122136_00306,2018-02-01 12:21:36,2018,2,1,-19.4,104.3,37.0,18.8,0.53,8.1,-8.4,-11.7,NASA/JPL CNEOS Fireball Data API
FB_20180122220630_00307,2018-01-22 22:06:30,2018,1,22,14.0,-17.4,,2.9,0.1,,,,NASA/JPL CNEOS Fireball Data API
FB_20180115021838_00308,2018-01-15 02:18:38,2018,1,15,-52.0,57.2,43.6,19.8,0.55,18.6,-12.1,8.4,NASA/JPL CNEOS Fireball Data API
FB_20180106212421_00309,2018-01-06 21:24:21,2018,1,6,55.8,52.5,26.0,2.4,0.086,0.8,2.2,-20.9,NASA/JPL CNEOS Fireball Data API
FB_20180106182427_00310,2018-01-06 18:24:27,2018,1,6,-39.5,12.8,26.0,3.3,0.11,,,,NASA/JPL CNEOS Fireball Data API
FB_20171231093610_00311,2017-12-31 09:36:10,2017,12,31,-63.5,-101.3,64.5,6.6,0.21,,,,NASA/JPL CNEOS Fireball Data API
FB_20171229124730_00312,2017-12-29 12:47:30,2017,12,29,14.6,-49.5,38.0,14.1,0.41,,,,NASA/JPL CNEOS Fireball Data API
FB_20171228174544_00313,2017-12-28 17:45:44,2017,12,28,,,,7.95,0.25,,,,NASA/JPL CNEOS Fireball Data API
FB_20171215131437_00314,2017-12-15 13:14:37,2017,12,15,60.2,170.0,20.0,400,7.9,27.8,-4.7,-13.9,NASA/JPL CNEOS Fireball Data API
FB_20171119041732_00315,2017-11-19 04:17:32,2017,11,19,-24.2,135.0,33.3,2.8,0.098,6.7,-3.4,8.6,NASA/JPL CNEOS Fireball Data API
FB_20171026220534_00316,2017-10-26 22:05:34,2017,10,26,-21.3,177.6,42.5,71.7,1.7,,,,NASA/JPL CNEOS Fireball Data API
FB_20171023153122_00317,2017-10-23 15:31:22,2017,10,23,28.8,44.6,35.4,2.51,0.089,-5.7,-10.7,-11.5,NASA/JPL CNEOS Fireball Data API
FB_20171015043316_00318,2017-10-15 04:33:16,2017,10,15,-65.2,128.2,24.1,3.28,0.11,9.5,-8.3,9.7,NASA/JPL CNEOS Fireball Data API
FB_20171009125148_00319,2017-10-09 12:51:48,2017,10,9,-18.3,-64.1,,3.0,0.1,,,,NASA/JPL CNEOS Fireball Data API
FB_20171009004632_00320,2017-10-09 00:46:32,2017,10,9,-18.3,-64.1,,3,0.1,,,,NASA/JPL CNEOS Fireball Data API
FB_20171004120705_00321,2017-10-04 12:07:05,2017,10,4,28.1,99.4,37.0,11.5,0.34,-8.5,-9.0,7.8,NASA/JPL CNEOS Fireball Data API
FB_20170905051127_00322,2017-09-05 05:11:27,2017,9,5,49.3,-116.9,36.0,4.09,0.14,12.7,-6.1,-4.2,NASA/JPL CNEOS Fireball Data API
FB_20170731220135_00323,2017-07-31 22:01:35,2017,7,31,24.7,-118.5,,5.8,0.19,,,,NASA/JPL CNEOS Fireball Data API
FB_20170723061238_00324,2017-07-23 06:12:38,2017,7,23,-6.6,-69.7,38.0,4.22,0.14,-0.4,8.7,-14.8,NASA/JPL CNEOS Fireball Data API
FB_20170713093036_00325,2017-07-13 09:30:36,2017,7,13,23.1,60.7,35.0,7.37,0.23,-10.0,-6.5,-6.8,NASA/JPL CNEOS Fireball Data API
FB_20170630142646_00326,2017-06-30 14:26:46,2017,6,30,-34.3,134.5,20.0,9.92,0.3,10.9,-9.7,4.2,NASA/JPL CNEOS Fireball Data API
FB_20170623202155_00327,2017-06-23 20:21:55,2017,6,23,57.0,143.7,35.1,13.6,0.4,17.7,13.1,-10.3,NASA/JPL CNEOS Fireball Data API
FB_20170620134131_00328,2017-06-20 13:41:31,2017,6,20,-54.2,133.0,33.3,46.7,1.2,8.7,-5.7,8.8,NASA/JPL CNEOS Fireball Data API
FB_20170524070302_00329,2017-05-24 07:03:02,2017,5,24,-9.1,101.8,46.0,9.73,0.3,-6.5,-16.5,-5.0,NASA/JPL CNEOS Fireball Data API
FB_20170522174439_00330,2017-05-22 17:44:39,2017,5,22,-49.6,-157.6,33.0,3.86,0.13,,,,NASA/JPL CNEOS Fireball Data API
FB_20170514093035_00331,2017-05-14 09:30:35,2017,5,14,-26.0,32.4,33.0,3.63,0.12,,,,NASA/JPL CNEOS Fireball Data API
FB_20170430212828_00332,2017-04-30 21:28:28,2017,4,30,-25.7,56.2,32.4,13.8,0.4,-13.4,-14.2,8.9,NASA/JPL CNEOS Fireball Data API
FB_20170311045121_00333,2017-03-11 04:51:21,2017,3,11,28.3,-60.2,28.0,127,2.9,,,,NASA/JPL CNEOS Fireball Data API
FB_20170309041637_00334,2017-03-09 04:16:37,2017,3,9,40.5,-18.0,23.0,41.3,1.1,-15.3,25.8,-20.8,NASA/JPL CNEOS Fireball Data API
FB_20170308222159_00335,2017-03-08 22:21:59,2017,3,8,-26.1,174.9,37.0,6.79,0.22,,,,NASA/JPL CNEOS Fireball Data API
FB_20170225012258_00336,2017-02-25 01:22:58,2017,2,25,29.5,13.5,25.4,9.16,0.28,-7.6,-9.3,2.2,NASA/JPL CNEOS Fireball Data API
FB_20170222184730_00337,2017-02-22 18:47:30,2017,2,22,-50.7,-66.0,,4,0.13,,,,NASA/JPL CNEOS Fireball Data API
FB_20170218194829_00338,2017-02-18 19:48:29,2017,2,18,6.2,60.4,38.0,32.1,0.85,-6.6,-22.7,-5.3,NASA/JPL CNEOS Fireball Data API
FB_20170207173731_00339,2017-02-07 17:37:31,2017,2,7,-27.4,-14.8,54.0,2.0,0.073,,,,NASA/JPL CNEOS Fireball Data API
FB_20170206060959_00340,2017-02-06 06:09:59,2017,2,6,10.4,131.6,33.5,7.08,0.22,,,,NASA/JPL CNEOS Fireball Data API
FB_20161223032909_00341,2016-12-23 03:29:09,2016,12,23,21.3,49.3,42.0,4.42,0.15,-22.4,16.4,-10.5,NASA/JPL CNEOS Fireball Data API
FB_20161207045139_00342,2016-12-07 04:51:39,2016,12,7,-34.5,-126.6,,11.8,0.35,,,,NASA/JPL CNEOS Fireball Data API
FB_20161129080538_00343,2016-11-29 08:05:38,2016,11,29,-30.6,-93.1,,3.17,0.11,,,,NASA/JPL CNEOS Fireball Data API
FB_20161124141034_00344,2016-11-24 14:10:34,2016,11,24,-15.2,80.3,30.6,13.8,0.4,9.1,-11.2,9.7,NASA/JPL CNEOS Fireball Data API
FB_20161103171429_00345,2016-11-03 17:14:29,2016,11,3,-39.6,-16.3,37,7.6,0.24,,,,NASA/JPL CNEOS Fireball Data API
FB_20161001202345_00346,2016-10-01 20:23:45,2016,10,1,36.2,6.7,27.8,3.15,0.11,-10.0,3.9,-9.3,NASA/JPL CNEOS Fireball Data API
FB_20160922045749_00347,2016-09-22 04:57:49,2016,9,22,-51.8,178.5,40.0,7.31,0.23,-2.5,-3.3,17.0,NASA/JPL CNEOS Fireball Data API
FB_20160914150151_00348,2016-09-14 15:01:51,2016,9,14,-3.5,44.6,54.0,7.6,0.24,3.5,-16.2,7.7,NASA/JPL CNEOS Fireball Data API
FB_20160827214513_00349,2016-08-27 21:45:13,2016,8,27,-56.9,162.2,42.0,14.2,0.41,,,,NASA/JPL CNEOS Fireball Data API
FB_20160811055958_00350,2016-08-11 05:59:58,2016,8,11,-43.7,53.8,34.3,19.7,0.55,-0.7,-11.4,9.6,NASA/JPL CNEOS Fireball Data API
FB_20160805180244_00351,2016-08-05 18:02:44,2016,8,5,46.4,171.6,32.4,11.7,0.35,,,,NASA/JPL CNEOS Fireball Data API
FB_20160721004852_00352,2016-07-21 00:48:52,2016,7,21,7.8,-1.6,37.0,3.11,0.11,,,,NASA/JPL CNEOS Fireball Data API
FB_20160705012426_00353,2016-07-05 01:24:26,2016,7,5,1.0,48.6,38.2,16.8,0.48,-10.3,-2.0,-22.8,NASA/JPL CNEOS Fireball Data API
FB_20160627100242_00354,2016-06-27 10:02:42,2016,6,27,15.8,-11.9,33.3,42.6,1.1,-29.1,1.5,0.7,NASA/JPL CNEOS Fireball Data API
FB_20160605061255_00355,2016-06-05 06:12:55,2016,6,5,-17.4,138.3,28.7,33.8,0.89,6.0,-11.9,5.7,NASA/JPL CNEOS Fireball Data API
FB_20160602105632_00356,2016-06-02 10:56:32,2016,6,2,33.8,-110.9,,24.9,0.68,,,,NASA/JPL CNEOS Fireball Data API
FB_20160529121455_00357,2016-05-29 12:14:55,2016,5,29,10.2,-48.8,32.0,8.74,0.27,,,,NASA/JPL CNEOS Fireball Data API
FB_20160520115946_00358,2016-05-20 11:59:46,2016,5,20,-32.8,15.1,30.6,3.07,0.11,5.4,-9.9,17.5,NASA/JPL CNEOS Fireball Data API
FB_20160516100941_00359,2016-05-16 10:09:41,2016,5,16,3.2,6.6,41.7,48.8,1.2,-6.7,-3.3,-9.6,NASA/JPL CNEOS Fireball Data API
FB_20160513003401_00360,2016-05-13 00:34:01,2016,5,13,26.2,-122.3,33.0,6.35,0.2,,,,NASA/JPL CNEOS Fireball Data API
FB_20160424053925_00361,2016-04-24 05:39:25,2016,4,24,9.8,-42.8,50.0,13.3,0.39,,,,NASA/JPL CNEOS Fireball Data API
FB_20160418115910_00362,2016-04-18 11:59:10,2016,4,18,20.7,-14.5,31.5,23.1,0.64,-3.5,2.2,-16.6,NASA/JPL CNEOS Fireball Data API
FB_20160412095140_00363,2016-04-12 09:51:40,2016,4,12,38.3,162.2,,2.0,0.073,,,,NASA/JPL CNEOS Fireball Data API
FB_20160410145753_00364,2016-04-10 14:57:53,2016,4,10,22.0,149.0,35.2,56.1,1.4,4.7,-12.9,-6.4,NASA/JPL CNEOS Fireball Data API
FB_20160316235420_00365,2016-03-16 23:54:20,2016,3,16,-49.2,-6.3,42.0,3.17,0.11,-7.6,9.1,6.0,NASA/JPL CNEOS Fireball Data API
FB_20160303013243_00366,2016-03-03 01:32:43,2016,3,3,-48.0,51.0,31.8,5.92,0.19,4.8,-7.1,7.9,NASA/JPL CNEOS Fireball Data API
FB_20160223035913_00367,2016-02-23 03:59:13,2016,2,23,32.3,67.2,44.0,3.5,0.12,-8.5,-1.6,-15.7,NASA/JPL CNEOS Fireball Data API
FB_20160221055853_00368,2016-02-21 05:58:53,2016,2,21,36.5,-37.2,32.0,37.4,0.97,,,,NASA/JPL CNEOS Fireball Data API
FB_20160219081502_00369,2016-02-19 08:15:02,2016,2,19,0.7,-11.6,39.4,20.2,0.56,-14.9,-0.5,4.1,NASA/JPL CNEOS Fireball Data API
FB_20160213001013_00370,2016-02-13 00:10:13,2016,2,13,3.1,117.9,,5.22,0.17,,,,NASA/JPL CNEOS Fireball Data API
FB_20160206135509_00371,2016-02-06 13:55:09,2016,2,6,-30.4,-25.5,31.0,685,13,2.7,14.5,5.0,NASA/JPL CNEOS Fireball Data API
FB_20160127095915_00372,2016-01-27 09:59:15,2016,1,27,-45.8,53.6,37,8.83,0.27,-10.0,-4.4,3.6,NASA/JPL CNEOS Fireball Data API
FB_20160121164454_00373,2016-01-21 16:44:54,2016,1,21,-10.8,0.7,42.5,11.8,0.35,-3.8,-17.7,-1.2,NASA/JPL CNEOS Fireball Data API
FB_20151230130750_00374,2015-12-30 13:07:50,2015,12,30,33.8,-160.7,39.0,4.82,0.16,,,,NASA/JPL CNEOS Fireball Data API
FB_20151221023248_00375,2015-12-21 02:32:48,2015,12,21,5.9,143.0,42.2,8.3,0.26,6.4,-10.0,2.5,NASA/JPL CNEOS Fireball Data API
FB_20151208003423_00376,2015-12-08 00:34:23,2015,12,8,-69.9,150.5,38.0,20.4,0.57,,,,NASA/JPL CNEOS Fireball Data API
FB_20151113145927_00377,2015-11-13 14:59:27,2015,11,13,16.0,124.3,28.0,8.36,0.26,,,,NASA/JPL CNEOS Fireball Data API
FB_20151102213420_00378,2015-11-02 21:34:20,2015,11,2,-41.4,33.0,37.0,7.8,0.24,,,,NASA/JPL CNEOS Fireball Data API
FB_20151031113430_00379,2015-10-31 11:34:30,2015,10,31,9.0,-138.0,71.0,9.73,0.3,,,,NASA/JPL CNEOS Fireball Data API
FB_20151030070712_00380,2015-10-30 07:07:12,2015,10,30,-85.0,-161.7,,24.2,0.66,,,,NASA/JPL CNEOS Fireball Data API
FB_20151013122308_00381,2015-10-13 12:23:08,2015,10,13,-8.0,-52.5,38.9,2.3,0.082,-6.6,3.8,10.4,NASA/JPL CNEOS Fireball Data API
FB_20151011000746_00382,2015-10-11 00:07:46,2015,10,11,-55.4,-18.8,,2.99,0.1,,,,NASA/JPL CNEOS Fireball Data API
FB_20151010095751_00383,2015-10-10 09:57:51,2015,10,10,-51.0,-21.1,51.8,3.75,0.13,-1.3,-5.1,10.6,NASA/JPL CNEOS Fireball Data API
FB_20151004210217_00384,2015-10-04 21:02:17,2015,10,4,22.0,-171.6,36.1,4.4,0.15,,,,NASA/JPL CNEOS Fireball Data API
FB_20150917210314_00385,2015-09-17 21:03:14,2015,9,17,-43.1,94.9,,9.8,0.3,,,,NASA/JPL CNEOS Fireball Data API
FB_20150914235050_00386,2015-09-14 23:50:50,2015,9,14,5.8,-15.2,,6.75,0.21,,,,NASA/JPL CNEOS Fireball Data API
FB_20150908134642_00387,2015-09-08 13:46:42,2015,9,8,6.3,29.9,44.4,2.02,0.074,-11.5,-11.3,-0.9,NASA/JPL CNEOS Fireball Data API
FB_20150907014118_00388,2015-09-07 01:41:18,2015,9,7,14.5,98.9,29.3,180,3.9,16.8,-12.0,-3.8,NASA/JPL CNEOS Fireball Data API
FB_20150902201030_00389,2015-09-02 20:10:30,2015,9,2,39.1,40.2,39.8,3.7,0.13,10.3,-12.2,-18.0,NASA/JPL CNEOS Fireball Data API
FB_20150804102459_00390,2015-08-04 10:24:59,2015,8,4,-9.6,125.9,,2.96,0.1,,,,NASA/JPL CNEOS Fireball Data API
FB_20150719070626_00391,2015-07-19 07:06:26,2015,7,19,20.6,-87.6,22.0,2.38,0.085,9.4,13.0,7.8,NASA/JPL CNEOS Fireball Data API
FB_20150712222314_00392,2015-07-12 22:23:14,2015,7,12,31.0,159.6,41.0,2.28,0.082,,,,NASA/JPL CNEOS Fireball Data API
FB_20150704014011_00393,2015-07-04 01:40:11,2015,7,4,38.6,103.1,46.3,7.25,0.23,0.9,-40.4,-27.7,NASA/JPL CNEOS Fireball Data API
FB_20150614030306_00394,2015-06-14 03:03:06,2015,6,14,6.3,124.1,32.4,7.08,0.22,-4.7,-17.8,-26.0,NASA/JPL CNEOS Fireball Data API
FB_20150612170336_00395,2015-06-12 17:03:36,2015,6,12,-1.3,-32.1,43.5,25.3,0.69,,,,NASA/JPL CNEOS Fireball Data API
FB_20150610174703_00396,2015-06-10 17:47:03,2015,6,10,-11.5,-161.9,61.1,38.4,1,,,,NASA/JPL CNEOS Fireball Data API
FB_20150602084450_00397,2015-06-02 08:44:50,2015,6,2,-6.4,-142.7,,38.5,1,,,,NASA/JPL CNEOS Fireball Data API
FB_20150520102041_00398,2015-05-20 10:20:41,2015,5,20,1.0,172.6,32.4,3.71,0.13,,,,NASA/JPL CNEOS Fireball Data API
FB_20150518171351_00399,2015-05-18 17:13:51,2015,5,18,32.4,139.1,29.0,4.3,0.14,,,,NASA/JPL CNEOS Fireball Data API
FB_20150510074501_00400,2015-05-10 07:45:01,2015,5,10,-46.3,-179.3,29.6,14.2,0.41,11.2,0.9,4.7,NASA/JPL CNEOS Fireball Data API
FB_20150507203434_00401,2015-05-07 20:34:34,2015,5,7,-21.5,-29.3,37.0,5.19,0.17,-16.2,-5.8,1.4,NASA/JPL CNEOS Fireball Data API
FB_20150430102100_00402,2015-04-30 10:21:00,2015,4,30,-48.7,139.1,26.7,10.5,0.32,12.2,-4.2,0.9,NASA/JPL CNEOS Fireball Data API
FB_20150421014251_00403,2015-04-21 01:42:51,2015,4,21,37.7,-39.6,37.4,8.8,0.27,-15.3,12.8,7.4,NASA/JPL CNEOS Fireball Data API
FB_20150410011427_00404,2015-04-10 01:14:27,2015,4,10,-42.8,8.2,,3.03,0.11,,,,NASA/JPL CNEOS Fireball Data API
FB_20150408040631_00405,2015-04-08 04:06:31,2015,4,8,-20.4,51.5,36.3,20.6,0.57,8.0,-15.6,-7.9,NASA/JPL CNEOS Fireball Data API
FB_20150403013938_00406,2015-04-03 01:39:38,2015,4,3,8.4,-157.9,,4.24,0.14,,,,NASA/JPL CNEOS Fireball Data API
FB_20150330213352_00407,2015-03-30 21:33:52,2015,3,30,-36.1,-5.5,33.1,6.63,0.21,-13.7,-1.7,0.8,NASA/JPL CNEOS Fireball Data API
FB_20150318000450_00408,2015-03-18 00:04:50,2015,3,18,-5.4,159.3,50.0,12.4,0.37,,,,NASA/JPL CNEOS Fireball Data API
FB_20150311061859_00409,2015-03-11 06:18:59,2015,3,11,8.0,119.1,35.2,7.2,0.23,5.5,-10.5,-16.0,NASA/JPL CNEOS Fireball Data API
FB_20150308042628_00410,2015-03-08 04:26:28,2015,3,8,-39.1,-118.6,,2.47,0.088,,,,NASA/JPL CNEOS Fireball Data API
FB_20150304043005_00411,2015-03-04 04:30:05,2015,3,4,-15.9,88.1,39.8,5.3,0.17,7.8,-16.0,-2.5,NASA/JPL CNEOS Fireball Data API
FB_20150226220623_00412,2015-02-26 22:06:23,2015,2,26,68.0,-149.2,33.7,18.8,0.53,5.6,-2.3,-20.2,NASA/JPL CNEOS Fireball Data API
FB_20150225105324_00413,2015-02-25 10:53:24,2015,2,25,12.4,-122.4,42,5.83,0.19,,,,NASA/JPL CNEOS Fireball Data API
FB_20150217131950_00414,2015-02-17 13:19:50,2015,2,17,-8.0,-11.2,39,4.05,0.14,-28.2,3.4,4.6,NASA/JPL CNEOS Fireball Data API
FB_20150109173147_00415,2015-01-09 17:31:47,2015,1,9,-23.3,-49.2,,2.2,0.079,,,,NASA/JPL CNEOS Fireball Data API
FB_20150109104111_00416,2015-01-09 10:41:11,2015,1,9,2.0,28.8,36.0,14,0.41,-10.7,-7.6,11.6,NASA/JPL CNEOS Fireball Data API
FB_20150107010558_00417,2015-01-07 01:05:58,2015,1,7,45.7,26.9,45.5,13.9,0.41,-35.4,1.8,-4.4,NASA/JPL CNEOS Fireball Data API
FB_20150102133919_00418,2015-01-02 13:39:19,2015,1,2,-31.1,140.0,38.1,2.0,0.073,4.5,-14.4,-10.0,NASA/JPL CNEOS Fireball Data API
FB_20141213025352_00419,2014-12-13 02:53:52,2014,12,13,86.7,-162.1,30.7,4.4,0.15,15.3,-13.3,-7.8,NASA/JPL CNEOS Fireball Data API
FB_20141212064807_00420,2014-12-12 06:48:07,2014,12,12,33.5,144.9,26.3,3.3,0.11,11.5,-2.8,-2.2,NASA/JPL CNEOS Fireball Data API
FB_20141209211918_00421,2014-12-09 21:19:18,2014,12,9,76.6,96.3,26.3,7.8,0.24,,,,NASA/JPL CNEOS Fireball Data API
FB_20141128114718_00422,2014-11-28 11:47:18,2014,11,28,-46.1,172.7,26.1,68.7,1.7,0.4,-1.4,13.3,NASA/JPL CNEOS Fireball Data API
FB_20141127121252_00423,2014-11-27 12:12:52,2014,11,27,-18.8,-73.4,38.0,5.5,0.18,,,,NASA/JPL CNEOS Fireball Data API
FB_20141126231651_00424,2014-11-26 23:16:51,2014,11,26,-69.5,-179.7,23.3,11.8,0.35,21.3,2.2,13.4,NASA/JPL CNEOS Fireball Data API
FB_20141126174016_00425,2014-11-26 17:40:16,2014,11,26,-68.2,-24.0,37.0,10.5,0.32,-7.0,16.1,9.4,NASA/JPL CNEOS Fireball Data API
FB_20141104201330_00426,2014-11-04 20:13:30,2014,11,4,43.1,115.8,22.2,14.4,0.42,-7.2,-12.1,-7.7,NASA/JPL CNEOS Fireball Data API
FB_20141021185537_00427,2014-10-21 18:55:37,2014,10,21,22.2,-132.9,,3.45,0.12,,,,NASA/JPL CNEOS Fireball Data API
FB_20141017140736_00428,2014-10-17 14:07:36,2014,10,17,-4.6,-66.3,39.0,8.14,0.25,,,,NASA/JPL CNEOS Fireball Data API
FB_20141014102503_00429,2014-10-14 10:25:03,2014,10,14,-2.0,119.2,27.2,3.64,0.12,15.0,-6.9,-3.5,NASA/JPL CNEOS Fireball Data API
FB_20141006200214_00430,2014-10-06 20:02:14,2014,10,6,-43.7,85.7,,3.9,0.13,,,,NASA/JPL CNEOS Fireball Data API
FB_20140909185546_00431,2014-09-09 18:55:46,2014,9,9,3.2,137.2,32.5,2.85,0.1,,,,NASA/JPL CNEOS Fireball Data API
FB_20140905213726_00432,2014-09-05 21:37:26,2014,9,5,22.7,-150.0,,3.53,0.12,,,,NASA/JPL CNEOS Fireball Data API
FB_20140829231539_00433,2014-08-29 23:15:39,2014,8,29,-6.2,-49.9,,2.61,0.092,,,,NASA/JPL CNEOS Fireball Data API
FB_20140828030745_00434,2014-08-28 03:07:45,2014,8,28,3.2,-45.4,,3.61,0.12,,,,NASA/JPL CNEOS Fireball Data API
FB_20140823062941_00435,2014-08-23 06:29:41,2014,8,23,-61.7,132.6,22.2,382,7.6,-2.3,5.7,16.5,NASA/JPL CNEOS Fireball Data API
FB_20140729073807_00436,2014-07-29 07:38:07,2014,7,29,-49.2,-172.2,,8.04,0.25,,,,NASA/JPL CNEOS Fireball Data API
FB_20140729030743_00437,2014-07-29 03:07:43,2014,7,29,-33.9,-115.9,,5.47,0.18,,,,NASA/JPL CNEOS Fireball Data API
FB_20140628024005_00438,2014-06-28 02:40:05,2014,6,28,18.9,141.2,26.3,24.5,0.67,12.0,3.5,-10.5,NASA/JPL CNEOS Fireball Data API
FB_20140626055441_00439,2014-06-26 05:54:41,2014,6,26,-71.5,93.4,28.5,6.1,0.2,7.0,2.9,8.3,NASA/JPL CNEOS Fireball Data API
FB_20140529011236_00440,2014-05-29 01:12:36,2014,5,29,21.9,-131.1,28.7,5.8,0.19,,,,NASA/JPL CNEOS Fireball Data API
FB_20140516200626_00441,2014-05-16 20:06:26,2014,5,16,-39.4,-95.9,30.8,13.6,0.4,2.9,13.4,-12.5,NASA/JPL CNEOS Fireball Data API
FB_20140516124247_00442,2014-05-16 12:42:47,2014,5,16,-44.2,-176.2,44.0,35.1,0.92,14.4,4.6,6.5,NASA/JPL CNEOS Fireball Data API
FB_20140508194237_00443,2014-05-08 19:42:37,2014,5,8,-36.9,87.3,35.4,105,2.4,-2.0,-16.1,9.9,NASA/JPL CNEOS Fireball Data API
FB_20140329134542_00444,2014-03-29 13:45:42,2014,3,29,-28.7,121.5,30.7,3.98,0.13,10.0,-12.7,2.2,NASA/JPL CNEOS Fireball Data API
FB_20140318110237_00445,2014-03-18 11:02:37,2014,3,18,0.0,-111.8,30.5,54,1.3,,,,NASA/JPL CNEOS Fireball Data API
FB_20140303150021_00446,2014-03-03 15:00:21,2014,3,3,-29.0,-94.9,,9.4,0.29,,,,NASA/JPL CNEOS Fireball Data API
FB_20140218125044_00447,2014-02-18 12:50:44,2014,2,18,-32.8,-61.5,,2.56,0.091,,,,NASA/JPL CNEOS Fireball Data API
FB_20140213064741_00448,2014-02-13 06:47:41,2014,2,13,13.3,-110.7,25.0,63,1.5,,,,NASA/JPL CNEOS Fireball Data API
FB_20140119025438_00449,2014-01-19 02:54:38,2014,1,19,-66.1,74.6,,14,0.41,,,,NASA/JPL CNEOS Fireball Data API
FB_20140115024613_00450,2014-01-15 02:46:13,2014,1,15,-18.5,141.8,29.6,14,0.41,,,,NASA/JPL CNEOS Fireball Data API
FB_20140112160048_00451,2014-01-12 16:00:48,2014,1,12,2.9,64.4,37.0,7.8,0.24,-5.2,-15.1,2.6,NASA/JPL CNEOS Fireball Data API
FB_20140108170533_00452,2014-01-08 17:05:33,2014,1,8,-1.2,147.1,18.7,3.82,0.13,-3.4,-43.5,-10.3,NASA/JPL CNEOS Fireball Data API
FB_20131223083057_00453,2013-12-23 08:30:57,2013,12,23,39.5,2.0,34.3,29.5,0.79,-1.1,11.4,-9.9,NASA/JPL CNEOS Fireball Data API
FB_20131208031009_00454,2013-12-08 03:10:09,2013,12,8,32.8,-165.1,23.5,12.3,0.36,2.3,2.5,-11.3,NASA/JPL CNEOS Fireball Data API
FB_20131121015035_00455,2013-11-21 01:50:35,2013,11,21,44.7,35.3,59.3,7.5,0.23,-5.0,-11.0,-2.7,NASA/JPL CNEOS Fireball Data API
FB_20131012160645_00456,2013-10-12 16:06:45,2013,10,12,-19.1,-25.0,22.2,160,3.5,-8.0,8.4,-5.5,NASA/JPL CNEOS Fireball Data API
FB_20131009172736_00457,2013-10-09 17:27:36,2013,10,9,,,,6.01,0.19,,,,NASA/JPL CNEOS Fireball Data API
FB_20130924153116_00458,2013-09-24 15:31:16,2013,9,24,-10.3,-164.7,40.7,16.0,0.46,,,,NASA/JPL CNEOS Fireball Data API
FB_20130907204913_00459,2013-09-07 20:49:13,2013,9,7,25.7,-40.2,,4.39,0.15,,,,NASA/JPL CNEOS Fireball Data API
FB_20130812180802_00460,2013-08-12 18:08:02,2013,8,12,-34.4,118.2,66.6,3.5,0.12,,,,NASA/JPL CNEOS Fireball Data API
FB_20130731070038_00461,2013-07-31 07:00:38,2013,7,31,,,,3.97,0.13,,,,NASA/JPL CNEOS Fireball Data API
FB_20130731035013_00462,2013-07-31 03:50:13,2013,7,31,-31.8,137.1,29.1,7,0.22,17.7,-2.3,-0.1,NASA/JPL CNEOS Fireball Data API
FB_20130730023658_00463,2013-07-30 02:36:58,2013,7,30,-50.2,90.2,25.6,39.0,1,15.9,-8.6,5.1,NASA/JPL CNEOS Fireball Data API
FB_20130727083036_00464,2013-07-27 08:30:36,2013,7,27,0.3,156.2,26.5,12.0,0.36,16.0,14.9,-3.3,NASA/JPL CNEOS Fireball Data API
FB_20130726113226_00465,2013-07-26 11:32:26,2013,7,26,21.0,-178.5,37.0,2.01,0.073,,,,NASA/JPL CNEOS Fireball Data API
FB_20130718004637_00466,2013-07-18 00:46:37,2013,7,18,,,,2.29,0.082,,,,NASA/JPL CNEOS Fireball Data API
FB_20130613025114_00467,2013-06-13 02:51:14,2013,6,13,,,,2.19,0.079,,,,NASA/JPL CNEOS Fireball Data API
FB_20130601224948_00468,2013-06-01 22:49:48,2013,6,1,-65.6,138.4,28.9,3.46,0.12,,,,NASA/JPL CNEOS Fireball Data API
FB_20130514232021_00469,2013-05-14 23:20:21,2013,5,14,-3.0,76.4,,2.15,0.078,,,,NASA/JPL CNEOS Fireball Data API
FB_20130430084037_00470,2013-04-30 08:40:37,2013,4,30,35.5,-30.7,21.2,511,9.8,1,9,-8,NASA/JPL CNEOS Fireball Data API
FB_20130421062312_00471,2013-04-21 06:23:12,2013,4,21,-28.1,-64.6,40.7,107,2.5,5,14,1,NASA/JPL CNEOS Fireball Data API
FB_20130312103259_00472,2013-03-12 10:32:59,2013,3,12,-32.7,17.1,26.0,2.9,0.1,,,,NASA/JPL CNEOS Fireball Data API
FB_20130220131307_00473,2013-02-20 13:13:07,2013,2,20,-23.0,-38.8,,3.2,0.1,-11,-8,-1,NASA/JPL CNEOS Fireball Data API
FB_20130215032026_00474,2013-02-15 03:20:26,2013,2,15,54.8,61.1,23.3,37500,441,12.80,-13.30,-2.40,NASA/JPL CNEOS Fireball Data API
FB_20130207131224_00475,2013-02-07 13:12:24,2013,2,7,-18.8,-158.6,,6.5,0.21,,,,NASA/JPL CNEOS Fireball Data API
FB_20130125074018_00476,2013-01-25 07:40:18,2013,1,25,60.3,-64.6,,340,6.9,,,,NASA/JPL CNEOS Fireball Data API
FB_20130112030421_00477,2013-01-12 03:04:21,2013,1,12,-15.1,-155.6,36.1,4.87,0.16,,,,NASA/JPL CNEOS Fireball Data API
FB_20121230072535_00478,2012-12-30 07:25:35,2012,12,30,17.3,-83.6,,21.1,0.59,,,,NASA/JPL CNEOS Fireball Data API
FB_20121218111917_00479,2012-12-18 11:19:17,2012,12,18,,,,3.09,0.11,,,,NASA/JPL CNEOS Fireball Data API
FB_20121120203731_00480,2012-11-20 20:37:31,2012,11,20,2.5,29.6,33.3,2.52,0.089,-12.2,-5.3,5.3,NASA/JPL CNEOS Fireball Data API
FB_20121120062511_00481,2012-11-20 06:25:11,2012,11,20,-8.0,-86.0,,12.7,0.37,,,,NASA/JPL CNEOS Fireball Data API
FB_20121025155719_00482,2012-10-25 15:57:19,2012,10,25,,,,2.42,0.086,,,,NASA/JPL CNEOS Fireball Data API
FB_20121019162622_00483,2012-10-19 16:26:22,2012,10,19,-75.4,49.6,29.3,2.68,0.094,-2.3,-3.9,12.4,NASA/JPL CNEOS Fireball Data API
FB_20121009005455_00484,2012-10-09 00:54:55,2012,10,9,51.2,-84.6,27.8,20.3,0.57,3.4,12.0,5.1,NASA/JPL CNEOS Fireball Data API
FB_20121003225012_00485,2012-10-03 22:50:12,2012,10,3,-41.5,-21.9,,28.0,0.75,-2.4,5.5,15.9,NASA/JPL CNEOS Fireball Data API
FB_20121002163838_00486,2012-10-02 16:38:38,2012,10,2,-8.1,-111.9,35.0,50.3,1.3,1.4,15.3,1.0,NASA/JPL CNEOS Fireball Data API
FB_20120928054412_00487,2012-09-28 05:44:12,2012,9,28,-6.9,73.7,,5.62,0.18,,,,NASA/JPL CNEOS Fireball Data API
FB_20120918193439_00488,2012-09-18 19:34:39,2012,9,18,1.2,-52.2,28.1,25.4,0.69,-1.9,14.1,-11.5,NASA/JPL CNEOS Fireball Data API
FB_20120911220730_00489,2012-09-11 22:07:30,2012,9,11,-18.9,105.2,,10.3,0.31,,,,NASA/JPL CNEOS Fireball Data API
FB_20120910010332_00490,2012-09-10 01:03:32,2012,9,10,-69.8,-111.7,23.8,2.65,0.094,-10.2,-5.2,12.4,NASA/JPL CNEOS Fireball Data API
FB_20120827065743_00491,2012-08-27 06:57:43,2012,8,27,-18.3,64.2,38.7,6.8,0.22,-8.0,-23.7,-14.5,NASA/JPL CNEOS Fireball Data API
FB_20120826145547_00492,2012-08-26 14:55:47,2012,8,26,11.8,117.0,36.0,25.3,0.69,5.0,-11.6,-0.7,NASA/JPL CNEOS Fireball Data API
FB_20120813053153_00493,2012-08-13 05:31:53,2012,8,13,,,,3.6,0.12,,,,NASA/JPL CNEOS Fireball Data API
FB_20120727041950_00494,2012-07-27 04:19:50,2012,7,27,63.1,172.3,27.2,3.22,0.11,,,,NASA/JPL CNEOS Fireball Data API
FB_20120725074820_00495,2012-07-25 07:48:20,2012,7,25,36.4,41.5,26.8,13.3,0.39,0.8,2.0,-18.4,NASA/JPL CNEOS Fireball Data API
FB_20120605074454_00496,2012-06-05 07:44:54,2012,6,5,,,,2.44,0.087,,,,NASA/JPL CNEOS Fireball Data API
FB_20120525113124_00497,2012-05-25 11:31:24,2012,5,25,-41.8,-36.2,,6.63,0.21,,,,NASA/JPL CNEOS Fireball Data API
FB_20120522083142_00498,2012-05-22 08:31:42,2012,5,22,,,,21.2,0.59,,,,NASA/JPL CNEOS Fireball Data API
FB_20120515110417_00499,2012-05-15 11:04:17,2012,5,15,-61.8,-135.5,33.3,13.2,0.39,-0.8,1.1,17.0,NASA/JPL CNEOS Fireball Data API
FB_20120504215449_00500,2012-05-04 21:54:49,2012,5,4,76.7,-10.6,,23.1,0.64,,,,NASA/JPL CNEOS Fireball Data API
