rank,candidate_type,candidate_id,candidate_name,primary_date_or_window,score,orbit_context_status,orbit_class_code,orbit_class_name,is_neo,is_pha,moid_au,estimated_diameter_km,sentry_match_status,sentry_year_range,sentry_impact_probability,review_note
1,high_energy_fireball_window,HEF_0011,HEF_0011,2013-02-07 to 2013-02-21,100.0,not_applicable,,,,,,,not_applicable,,,"Candidate is a time/month pattern, not a single cataloged object."
2,high_energy_fireball_window,HEF_0097,HEF_0097,2018-12-18 to 2019-01-01,100.0,not_applicable,,,,,,,not_applicable,,,"Candidate is a time/month pattern, not a single cataloged object."
3,high_energy_fireball_window,HEF_0055,HEF_0055,2016-02-06 to 2016-02-20,100.0,not_applicable,,,,,,,not_applicable,,,"Candidate is a time/month pattern, not a single cataloged object."
4,high_energy_fireball_window,HEF_0125,HEF_0125,2020-12-22 to 2021-01-05,100.0,not_applicable,,,,,,,not_applicable,,,"Candidate is a time/month pattern, not a single cataloged object."
5,high_energy_fireball_window,HEF_0013,HEF_0013,2013-04-21 to 2013-05-05,100.0,not_applicable,,,,,,,not_applicable,,,"Candidate is a time/month pattern, not a single cataloged object."
6,high_energy_fireball_window,HEF_0081,HEF_0081,2017-12-15 to 2017-12-29,100.0,not_applicable,,,,,,,not_applicable,,,"Candidate is a time/month pattern, not a single cataloged object."
7,high_energy_fireball_window,HEF_0140,HEF_0140,2022-01-28 to 2022-02-11,100.0,not_applicable,,,,,,,not_applicable,,,"Candidate is a time/month pattern, not a single cataloged object."
8,high_energy_fireball_window,HEF_0093,HEF_0093,2018-09-13 to 2018-09-27,100.0,not_applicable,,,,,,,not_applicable,,,"Candidate is a time/month pattern, not a single cataloged object."
9,high_energy_fireball_window,HEF_0036,HEF_0036,2014-11-26 to 2014-12-10,100.0,not_applicable,,,,,,,not_applicable,,,"Candidate is a time/month pattern, not a single cataloged object."
10,high_energy_fireball_window,HEF_0148,HEF_0148,2022-07-20 to 2022-08-03,100.0,not_applicable,,,,,,,not_applicable,,,"Candidate is a time/month pattern, not a single cataloged object."
11,high_energy_fireball_window,HEF_0122,HEF_0122,2020-10-18 to 2020-11-01,100.0,not_applicable,,,,,,,not_applicable,,,"Candidate is a time/month pattern, not a single cataloged object."
12,high_energy_fireball_window,HEF_0126,HEF_0126,2021-01-24 to 2021-02-07,100.0,not_applicable,,,,,,,not_applicable,,,"Candidate is a time/month pattern, not a single cataloged object."
13,close_approach_window,CAW_0072,CAW_0072,2004-03-07 to 2004-03-21,100.0,not_enriched,,,,,,,matched_sentry,2110-2119,2.29213e-08,No direct SBDB context attached in this run.
14,close_approach_window,CAW_0073,CAW_0073,2004-03-22 to 2004-04-05,100.0,not_enriched,,,,,,,not_matched_in_fetched_sentry,,,No direct SBDB context attached in this run.
15,close_approach_window,CAW_0031,CAW_0031,2001-11-08 to 2001-11-22,100.0,not_enriched,,,,,,,not_matched_in_fetched_sentry,,,No direct SBDB context attached in this run.
16,close_approach_window,CAW_0089,CAW_0089,2004-12-12 to 2004-12-26,100.0,not_enriched,,,,,,,matched_sentry,2065-2065,7.137e-08,No direct SBDB context attached in this run.
17,close_approach_window,CAW_0074,CAW_0074,2004-04-07 to 2004-04-21,100.0,not_enriched,,,,,,,matched_sentry,2080-2080,7.424e-08,No direct SBDB context attached in this run.
18,close_approach_window,CAW_0083,CAW_0083,2004-09-13 to 2004-09-27,100.0,not_enriched,,,,,,,matched_sentry,2034-2053,1.21185e-06,No direct SBDB context attached in this run.
19,close_approach_window,CAW_0055,CAW_0055,2003-04-24 to 2003-05-08,100.0,not_enriched,,,,,,,matched_sentry,2065-2119,6.22281914e-05,No direct SBDB context attached in this run.
20,close_approach_window,CAW_0067,CAW_0067,2003-11-30 to 2003-12-14,100.0,not_enriched,,,,,,,matched_sentry,2042-2121,3.10332749e-05,No direct SBDB context attached in this run.
21,close_approach_window,CAW_0052,CAW_0052,2003-03-01 to 2003-03-15,100.0,not_enriched,,,,,,,matched_sentry,2046-2058,1.039e-07,No direct SBDB context attached in this run.
22,close_approach_window,CAW_0014,CAW_0014,2000-10-15 to 2000-10-29,100.0,not_enriched,,,,,,,not_matched_in_fetched_sentry,,,No direct SBDB context attached in this run.
23,close_approach_window,CAW_0086,CAW_0086,2004-10-28 to 2004-11-11,100.0,not_enriched,,,,,,,not_matched_in_fetched_sentry,,,No direct SBDB context attached in this run.
24,close_approach_window,CAW_0088,CAW_0088,2004-11-27 to 2004-12-11,100.0,not_enriched,,,,,,,matched_sentry,2048-2121,0.0002375926596,No direct SBDB context attached in this run.
25,close_approach_window,CAW_0029,CAW_0029,2001-09-26 to 2001-10-10,100.0,not_enriched,,,,,,,not_matched_in_fetched_sentry,,,No direct SBDB context attached in this run.
26,close_approach_window,CAW_0076,CAW_0076,2004-05-09 to 2004-05-23,100.0,not_enriched,,,,,,,not_matched_in_fetched_sentry,,,No direct SBDB context attached in this run.
27,close_approach_window,CAW_0062,CAW_0062,2003-09-10 to 2003-09-24,100.0,not_enriched,,,,,,,not_matched_in_fetched_sentry,,,No direct SBDB context attached in this run.
28,close_approach_window,CAW_0071,CAW_0071,2004-02-17 to 2004-03-02,100.0,not_enriched,,,,,,,matched_sentry,2111-2116,7.915858e-06,No direct SBDB context attached in this run.
29,close_approach_window,CAW_0081,CAW_0081,2004-08-06 to 2004-08-20,100.0,not_enriched,,,,,,,matched_sentry,2063-2123,0.000131681849,No direct SBDB context attached in this run.
30,close_approach_window,CAW_0038,CAW_0038,2002-03-11 to 2002-03-25,100.0,not_enriched,,,,,,,matched_sentry,2078-2121,1.4637114e-05,No direct SBDB context attached in this run.
31,close_approach_window,CAW_0068,CAW_0068,2003-12-21 to 2004-01-04,100.0,not_enriched,,,,,,,matched_sentry,2085-2121,8.0138e-07,No direct SBDB context attached in this run.
32,close_approach_window,CAW_0047,CAW_0047,2002-10-01 to 2002-10-15,100.0,not_enriched,,,,,,,matched_sentry,2084-2118,1.557916e-05,No direct SBDB context attached in this run.
33,close_approach_window,CAW_0082,CAW_0082,2004-08-21 to 2004-09-04,100.0,not_enriched,,,,,,,matched_sentry,2100-2117,3.6389e-07,No direct SBDB context attached in this run.
34,close_approach_window,CAW_0053,CAW_0053,2003-03-22 to 2003-04-05,100.0,not_enriched,,,,,,,not_matched_in_fetched_sentry,,,No direct SBDB context attached in this run.
35,high_energy_fireball_window,HEF_0031,HEF_0031,2014-08-23 to 2014-09-06,99.2,not_applicable,,,,,,,not_applicable,,,"Candidate is a time/month pattern, not a single cataloged object."
36,close_approach_window,CAW_0063,CAW_0063,2003-09-27 to 2003-10-11,98.874,not_enriched,,,,,,,matched_sentry,2101-2101,1.112e-08,No direct SBDB context attached in this run.
37,close_approach_window,CAW_0066,CAW_0066,2003-11-16 to 2003-11-30,98.598,not_enriched,,,,,,,not_matched_in_fetched_sentry,,,No direct SBDB context attached in this run.
38,close_approach_window,CAW_0080,CAW_0080,2004-07-11 to 2004-07-25,97.785,not_enriched,,,,,,,matched_sentry,2093-2093,1.836e-09,No direct SBDB context attached in this run.
39,close_approach_window,CAW_0079,CAW_0079,2004-06-26 to 2004-07-10,96.326,not_enriched,,,,,,,not_matched_in_fetched_sentry,,,No direct SBDB context attached in this run.
40,close_approach_window,CAW_0064,CAW_0064,2003-10-12 to 2003-10-26,96.293,not_enriched,,,,,,,matched_sentry,2030-2057,3.90677e-08,No direct SBDB context attached in this run.
41,high_energy_fireball_window,HEF_0044,HEF_0044,2015-06-02 to 2015-06-16,94.55,not_applicable,,,,,,,not_applicable,,,"Candidate is a time/month pattern, not a single cataloged object."
42,close_approach_window,CAW_0039,CAW_0039,2002-03-31 to 2002-04-14,94.406,not_enriched,,,,,,,not_matched_in_fetched_sentry,,,No direct SBDB context attached in this run.
43,high_energy_fireball_window,HEF_0177,HEF_0177,2024-07-12 to 2024-07-26,94.3,not_applicable,,,,,,,not_applicable,,,"Candidate is a time/month pattern, not a single cataloged object."
44,high_energy_fireball_window,HEF_0007,HEF_0007,2012-09-28 to 2012-10-12,94.0,not_applicable,,,,,,,not_applicable,,,"Candidate is a time/month pattern, not a single cataloged object."
45,close_approach_window,CAW_0048,CAW_0048,2002-10-27 to 2002-11-10,93.151,not_enriched,,,,,,,matched_sentry,2082-2121,0.000112962664,No direct SBDB context attached in this run.
46,high_energy_fireball_window,HEF_0188,HEF_0188,2025-03-13 to 2025-03-27,92.1,not_applicable,,,,,,,not_applicable,,,"Candidate is a time/month pattern, not a single cataloged object."
47,high_energy_fireball_window,HEF_0103,HEF_0103,2019-05-19 to 2019-06-02,92.0,not_applicable,,,,,,,not_applicable,,,"Candidate is a time/month pattern, not a single cataloged object."
48,close_approach_window,CAW_0084,CAW_0084,2004-09-28 to 2004-10-12,90.774,not_enriched,,,,,,,matched_sentry,2082-2120,1.8043724e-06,No direct SBDB context attached in this run.
49,close_approach_window,CAW_0077,CAW_0077,2004-05-25 to 2004-06-08,90.687,not_enriched,,,,,,,matched_sentry,2104-2122,1.475194e-05,No direct SBDB context attached in this run.
50,close_approach_window,CAW_0017,CAW_0017,2000-12-17 to 2000-12-31,90.103,not_enriched,,,,,,,matched_sentry,2108-2119,2.98247e-06,No direct SBDB context attached in this run.
51,fireball_month_cluster,month_2,Month 2,month=2,89.423,not_applicable,,,,,,,not_applicable,,,"Candidate is a time/month pattern, not a single cataloged object."
52,high_energy_fireball_window,HEF_0015,HEF_0015,2013-07-27 to 2013-08-10,88.55,not_applicable,,,,,,,not_applicable,,,"Candidate is a time/month pattern, not a single cataloged object."
53,close_approach_window,CAW_0009,CAW_0009,2000-06-29 to 2000-07-13,88.266,not_enriched,,,,,,,matched_sentry,2081-2120,1.9442009e-05,No direct SBDB context attached in this run.
54,close_approach_window,CAW_0020,CAW_0020,2001-02-19 to 2001-03-05,88.081,not_enriched,,,,,,,matched_sentry,2079-2079,1.616e-09,No direct SBDB context attached in this run.
55,close_approach_window,CAW_0030,CAW_0030,2001-10-21 to 2001-11-04,87.45,not_enriched,,,,,,,matched_sentry,2058-2058,1.618e-09,No direct SBDB context attached in this run.
56,close_approach_window,CAW_0058,CAW_0058,2003-06-13 to 2003-06-27,86.215,not_enriched,,,,,,,not_matched_in_fetched_sentry,,,No direct SBDB context attached in this run.
57,high_energy_fireball_window,HEF_0166,HEF_0166,2023-10-14 to 2023-10-28,86.2,not_applicable,,,,,,,not_applicable,,,"Candidate is a time/month pattern, not a single cataloged object."
58,high_energy_fireball_window,HEF_0112,HEF_0112,2020-01-06 to 2020-01-20,86.15,not_applicable,,,,,,,not_applicable,,,"Candidate is a time/month pattern, not a single cataloged object."
59,high_energy_fireball_window,HEF_0023,HEF_0023,2014-01-08 to 2014-01-22,85.95,not_applicable,,,,,,,not_applicable,,,"Candidate is a time/month pattern, not a single cataloged object."
60,high_energy_fireball_window,HEF_0107,HEF_0107,2019-09-12 to 2019-09-26,85.4,not_applicable,,,,,,,not_applicable,,,"Candidate is a time/month pattern, not a single cataloged object."
61,high_energy_fireball_window,HEF_0041,HEF_0041,2015-03-30 to 2015-04-13,85.15,not_applicable,,,,,,,not_applicable,,,"Candidate is a time/month pattern, not a single cataloged object."
62,high_energy_fireball_window,HEF_0116,HEF_0116,2020-05-09 to 2020-05-23,84.45,not_applicable,,,,,,,not_applicable,,,"Candidate is a time/month pattern, not a single cataloged object."
63,high_energy_fireball_window,HEF_0043,HEF_0043,2015-05-07 to 2015-05-21,84.25,not_applicable,,,,,,,not_applicable,,,"Candidate is a time/month pattern, not a single cataloged object."
64,high_energy_fireball_window,HEF_0153,HEF_0153,2022-12-29 to 2023-01-12,83.45,not_applicable,,,,,,,not_applicable,,,"Candidate is a time/month pattern, not a single cataloged object."
65,close_approach_window,CAW_0050,CAW_0050,2002-12-11 to 2002-12-25,83.427,not_enriched,,,,,,,matched_sentry,2102-2113,1.33836e-07,No direct SBDB context attached in this run.
66,high_energy_fireball_window,HEF_0079,HEF_0079,2017-10-04 to 2017-10-18,83.25,not_applicable,,,,,,,not_applicable,,,"Candidate is a time/month pattern, not a single cataloged object."
67,high_energy_fireball_window,HEF_0110,HEF_0110,2019-11-28 to 2019-12-12,82.85,not_applicable,,,,,,,not_applicable,,,"Candidate is a time/month pattern, not a single cataloged object."
68,close_approach_window,CAW_0033,CAW_0033,2001-12-15 to 2001-12-29,82.18,not_enriched,,,,,,,matched_sentry,2067-2113,2.4118e-08,No direct SBDB context attached in this run.
69,close_approach_window,CAW_0090,CAW_0090,2005-01-03 to 2005-01-17,81.489,not_enriched,,,,,,,matched_sentry,2048-2122,1.64084499e-05,No direct SBDB context attached in this run.
70,close_approach_window,CAW_0005,CAW_0005,2000-03-19 to 2000-04-02,81.409,not_enriched,,,,,,,not_matched_in_fetched_sentry,,,No direct SBDB context attached in this run.
71,high_energy_fireball_window,HEF_0047,HEF_0047,2015-09-02 to 2015-09-16,81.2,not_applicable,,,,,,,not_applicable,,,"Candidate is a time/month pattern, not a single cataloged object."
72,high_energy_fireball_window,HEF_0072,HEF_0072,2017-03-08 to 2017-03-22,81.1,not_applicable,,,,,,,not_applicable,,,"Candidate is a time/month pattern, not a single cataloged object."
73,close_approach_window,CAW_0085,CAW_0085,2004-10-13 to 2004-10-27,81.036,not_enriched,,,,,,,not_matched_in_fetched_sentry,,,No direct SBDB context attached in this run.
74,close_approach_window,CAW_0018,CAW_0018,2001-01-05 to 2001-01-19,80.907,not_enriched,,,,,,,matched_sentry,2040-2051,9.4606e-06,No direct SBDB context attached in this run.
75,close_approach_window,CAW_0015,CAW_0015,2000-10-31 to 2000-11-14,78.81,not_enriched,,,,,,,matched_sentry,2122-2122,0.00011895,No direct SBDB context attached in this run.
76,close_approach_window,CAW_0037,CAW_0037,2002-02-24 to 2002-03-10,78.78,not_enriched,,,,,,,matched_sentry,2117-2117,1.819e-09,No direct SBDB context attached in this run.
77,high_energy_fireball_window,HEF_0027,HEF_0027,2014-05-08 to 2014-05-22,78.6,not_applicable,,,,,,,not_applicable,,,"Candidate is a time/month pattern, not a single cataloged object."
78,close_approach_window,CAW_0057,CAW_0057,2003-05-28 to 2003-06-11,78.38,not_enriched,,,,,,,not_matched_in_fetched_sentry,,,No direct SBDB context attached in this run.
79,close_approach_window,CAW_0078,CAW_0078,2004-06-12 to 2004-06-26,77.435,not_enriched,,,,,,,not_matched_in_fetched_sentry,,,No direct SBDB context attached in this run.
80,close_approach_window,CAW_0016,CAW_0016,2000-12-01 to 2000-12-15,77.003,not_enriched,,,,,,,not_matched_in_fetched_sentry,,,No direct SBDB context attached in this run.
81,close_approach_window,CAW_0025,CAW_0025,2001-06-16 to 2001-06-30,76.909,not_enriched,,,,,,,matched_sentry,2084-2121,7.70318e-07,No direct SBDB context attached in this run.
82,repeating_close_approach_object,54509, 54509 YORP (2000 PH5),2000-Jul-26 05:32 to 2004-Jul-25 10:16,76.868,ok,APO,Apollo,True,False,,,not_matched_in_fetched_sentry,,,Specific object enriched with SBDB orbital context.
83,high_energy_fireball_window,HEF_0160,HEF_0160,2023-05-16 to 2023-05-30,76.05,not_applicable,,,,,,,not_applicable,,,"Candidate is a time/month pattern, not a single cataloged object."
84,high_energy_fireball_window,HEF_0010,HEF_0010,2013-01-12 to 2013-01-26,75.3,not_applicable,,,,,,,not_applicable,,,"Candidate is a time/month pattern, not a single cataloged object."
85,close_approach_window,CAW_0032,CAW_0032,2001-11-29 to 2001-12-13,75.283,not_enriched,,,,,,,not_matched_in_fetched_sentry,,,No direct SBDB context attached in this run.
86,close_approach_window,CAW_0034,CAW_0034,2002-01-07 to 2002-01-21,73.875,not_enriched,,,,,,,matched_sentry,2064-2111,1.1134e-07,No direct SBDB context attached in this run.
87,high_energy_fireball_window,HEF_0158,HEF_0158,2023-04-06 to 2023-04-20,73.6,not_applicable,,,,,,,not_applicable,,,"Candidate is a time/month pattern, not a single cataloged object."
88,repeating_close_approach_object,2003 YN107,       (2003 YN107),2000-Jun-25 23:36 to 2004-Dec-27 09:45,72.269,ok,ATE,Aten,True,False,,,not_matched_in_fetched_sentry,,,Specific object enriched with SBDB orbital context.
89,high_energy_fireball_window,HEF_0058,HEF_0058,2016-04-10 to 2016-04-24,72.15,not_applicable,,,,,,,not_applicable,,,"Candidate is a time/month pattern, not a single cataloged object."
90,close_approach_window,CAW_0035,CAW_0035,2002-01-23 to 2002-02-06,71.964,not_enriched,,,,,,,matched_sentry,2120-2120,2.415e-09,No direct SBDB context attached in this run.
91,high_energy_fireball_window,HEF_0091,HEF_0091,2018-07-17 to 2018-07-31,71.3,not_applicable,,,,,,,not_applicable,,,"Candidate is a time/month pattern, not a single cataloged object."
92,high_energy_fireball_window,HEF_0147,HEF_0147,2022-06-30 to 2022-07-14,70.95,not_applicable,,,,,,,not_applicable,,,"Candidate is a time/month pattern, not a single cataloged object."
93,high_energy_fireball_window,HEF_0104,HEF_0104,2019-06-22 to 2019-07-06,70.55,not_applicable,,,,,,,not_applicable,,,"Candidate is a time/month pattern, not a single cataloged object."
94,high_energy_fireball_window,HEF_0075,HEF_0075,2017-06-20 to 2017-07-04,69.5,not_applicable,,,,,,,not_applicable,,,"Candidate is a time/month pattern, not a single cataloged object."
95,high_energy_fireball_window,HEF_0060,HEF_0060,2016-05-29 to 2016-06-12,69.2,not_applicable,,,,,,,not_applicable,,,"Candidate is a time/month pattern, not a single cataloged object."
96,high_energy_fireball_window,HEF_0096,HEF_0096,2018-11-15 to 2018-11-29,68.8,not_applicable,,,,,,,not_applicable,,,"Candidate is a time/month pattern, not a single cataloged object."
97,close_approach_window,CAW_0042,CAW_0042,2002-06-14 to 2002-06-28,68.396,not_enriched,,,,,,,not_matched_in_fetched_sentry,,,No direct SBDB context attached in this run.
98,high_energy_fireball_window,HEF_0084,HEF_0084,2018-02-01 to 2018-02-15,67.8,not_applicable,,,,,,,not_applicable,,,"Candidate is a time/month pattern, not a single cataloged object."
99,high_energy_fireball_window,HEF_0086,HEF_0086,2018-04-07 to 2018-04-21,67.75,not_applicable,,,,,,,not_applicable,,,"Candidate is a time/month pattern, not a single cataloged object."
100,high_energy_fireball_window,HEF_0059,HEF_0059,2016-05-13 to 2016-05-27,67.55,not_applicable,,,,,,,not_applicable,,,"Candidate is a time/month pattern, not a single cataloged object."
101,high_energy_fireball_window,HEF_0056,HEF_0056,2016-02-21 to 2016-03-06,66.4,not_applicable,,,,,,,not_applicable,,,"Candidate is a time/month pattern, not a single cataloged object."
102,high_energy_fireball_window,HEF_0050,HEF_0050,2015-10-30 to 2015-11-13,66.0,not_applicable,,,,,,,not_applicable,,,"Candidate is a time/month pattern, not a single cataloged object."
103,close_approach_window,CAW_0069,CAW_0069,2004-01-18 to 2004-02-01,65.223,not_enriched,,,,,,,matched_sentry,2086-2122,2.354599e-06,No direct SBDB context attached in this run.
104,high_energy_fireball_window,HEF_0195,HEF_0195,2025-09-08 to 2025-09-22,65.2,not_applicable,,,,,,,not_applicable,,,"Candidate is a time/month pattern, not a single cataloged object."
105,high_energy_fireball_window,HEF_0192,HEF_0192,2025-06-21 to 2025-07-05,64.85,not_applicable,,,,,,,not_applicable,,,"Candidate is a time/month pattern, not a single cataloged object."
106,high_energy_fireball_window,HEF_0039,HEF_0039,2015-02-17 to 2015-03-03,64.3,not_applicable,,,,,,,not_applicable,,,"Candidate is a time/month pattern, not a single cataloged object."
107,high_energy_fireball_window,HEF_0068,HEF_0068,2016-11-24 to 2016-12-08,64.3,not_applicable,,,,,,,not_applicable,,,"Candidate is a time/month pattern, not a single cataloged object."
108,high_energy_fireball_window,HEF_0040,HEF_0040,2015-03-04 to 2015-03-18,63.85,not_applicable,,,,,,,not_applicable,,,"Candidate is a time/month pattern, not a single cataloged object."
109,close_approach_window,CAW_0044,CAW_0044,2002-08-03 to 2002-08-17,63.839,not_enriched,,,,,,,not_matched_in_fetched_sentry,,,No direct SBDB context attached in this run.
110,close_approach_window,CAW_0036,CAW_0036,2002-02-08 to 2002-02-22,63.627,not_enriched,,,,,,,not_matched_in_fetched_sentry,,,No direct SBDB context attached in this run.
111,close_approach_window,CAW_0028,CAW_0028,2001-09-09 to 2001-09-23,63.522,not_enriched,,,,,,,not_matched_in_fetched_sentry,,,No direct SBDB context attached in this run.
112,high_energy_fireball_window,HEF_0175,HEF_0175,2024-05-24 to 2024-06-07,63.45,not_applicable,,,,,,,not_applicable,,,"Candidate is a time/month pattern, not a single cataloged object."
113,close_approach_window,CAW_0008,CAW_0008,2000-05-28 to 2000-06-11,63.366,not_enriched,,,,,,,matched_sentry,2081-2122,0.0021306256026,No direct SBDB context attached in this run.
114,close_approach_window,CAW_0023,CAW_0023,2001-04-27 to 2001-05-11,63.18,not_enriched,,,,,,,not_matched_in_fetched_sentry,,,No direct SBDB context attached in this run.
115,high_energy_fireball_window,HEF_0201,HEF_0201,2026-04-29 to 2026-05-13,62.75,not_applicable,,,,,,,not_applicable,,,"Candidate is a time/month pattern, not a single cataloged object."
116,close_approach_window,CAW_0021,CAW_0021,2001-03-23 to 2001-04-06,62.677,not_enriched,,,,,,,not_matched_in_fetched_sentry,,,No direct SBDB context attached in this run.
117,high_energy_fireball_window,HEF_0033,HEF_0033,2014-10-06 to 2014-10-20,62.5,not_applicable,,,,,,,not_applicable,,,"Candidate is a time/month pattern, not a single cataloged object."
118,high_energy_fireball_window,HEF_0151,HEF_0151,2022-11-08 to 2022-11-22,62.5,not_applicable,,,,,,,not_applicable,,,"Candidate is a time/month pattern, not a single cataloged object."
119,high_energy_fireball_window,HEF_0135,HEF_0135,2021-10-20 to 2021-11-03,62.3,not_applicable,,,,,,,not_applicable,,,"Candidate is a time/month pattern, not a single cataloged object."
120,high_energy_fireball_window,HEF_0113,HEF_0113,2020-01-21 to 2020-02-04,62.05,not_applicable,,,,,,,not_applicable,,,"Candidate is a time/month pattern, not a single cataloged object."
121,high_energy_fireball_window,HEF_0049,HEF_0049,2015-10-04 to 2015-10-18,61.9,not_applicable,,,,,,,not_applicable,,,"Candidate is a time/month pattern, not a single cataloged object."
122,repeating_close_approach_object,2022 YG,       (2022 YG),2001-Jul-17 14:36 to 2004-Jul-17 07:15,61.852,ok,APO,Apollo,True,False,,,not_matched_in_fetched_sentry,,,Specific object enriched with SBDB orbital context.
123,close_approach_window,CAW_0043,CAW_0043,2002-07-11 to 2002-07-25,61.852,not_enriched,,,,,,,not_matched_in_fetched_sentry,,,No direct SBDB context attached in this run.
124,high_energy_fireball_window,HEF_0087,HEF_0087,2018-04-21 to 2018-05-05,61.85,not_applicable,,,,,,,not_applicable,,,"Candidate is a time/month pattern, not a single cataloged object."
125,close_approach_window,CAW_0040,CAW_0040,2002-05-03 to 2002-05-17,61.598,not_enriched,,,,,,,matched_sentry,2119-2124,6.27e-07,No direct SBDB context attached in this run.
126,high_energy_fireball_window,HEF_0163,HEF_0163,2023-07-26 to 2023-08-09,61.2,not_applicable,,,,,,,not_applicable,,,"Candidate is a time/month pattern, not a single cataloged object."
127,close_approach_window,CAW_0070,CAW_0070,2004-02-01 to 2004-02-15,60.829,not_enriched,,,,,,,not_matched_in_fetched_sentry,,,No direct SBDB context attached in this run.
128,high_energy_fireball_window,HEF_0142,HEF_0142,2022-03-06 to 2022-03-20,59.7,not_applicable,,,,,,,not_applicable,,,"Candidate is a time/month pattern, not a single cataloged object."
129,close_approach_window,CAW_0087,CAW_0087,2004-11-12 to 2004-11-26,59.423,not_enriched,,,,,,,matched_sentry,2049-2114,2.41220417e-05,No direct SBDB context attached in this run.
130,close_approach_window,CAW_0054,CAW_0054,2003-04-05 to 2003-04-19,58.54,not_enriched,,,,,,,matched_sentry,2096-2126,2.23781288e-05,No direct SBDB context attached in this run.
131,high_energy_fireball_window,HEF_0019,HEF_0019,2013-10-09 to 2013-10-23,58.45,not_applicable,,,,,,,not_applicable,,,"Candidate is a time/month pattern, not a single cataloged object."
132,high_energy_fireball_window,HEF_0184,HEF_0184,2024-12-20 to 2025-01-03,57.55,not_applicable,,,,,,,not_applicable,,,"Candidate is a time/month pattern, not a single cataloged object."
133,fireball_month_cluster,month_5,Month 5,month=5,56.417,not_applicable,,,,,,,not_applicable,,,"Candidate is a time/month pattern, not a single cataloged object."
134,close_approach_window,CAW_0013,CAW_0013,2000-09-29 to 2000-10-13,56.267,not_enriched,,,,,,,matched_sentry,2049-2120,2.8110414e-05,No direct SBDB context attached in this run.
135,close_approach_window,CAW_0075,CAW_0075,2004-04-25 to 2004-05-09,56.011,not_enriched,,,,,,,not_matched_in_fetched_sentry,,,No direct SBDB context attached in this run.
136,close_approach_window,CAW_0065,CAW_0065,2003-10-27 to 2003-11-10,55.196,not_enriched,,,,,,,not_matched_in_fetched_sentry,,,No direct SBDB context attached in this run.
137,high_energy_fireball_window,HEF_0090,HEF_0090,2018-06-21 to 2018-07-05,54.5,not_applicable,,,,,,,not_applicable,,,"Candidate is a time/month pattern, not a single cataloged object."
138,repeating_close_approach_object,2001 GO2,       (2001 GO2),2000-Apr-06 23:09 to 2002-Apr-08 07:58,53.555,ok,APO,Apollo,True,False,,,not_matched_in_fetched_sentry,,,Specific object enriched with SBDB orbital context.
139,close_approach_window,CAW_0046,CAW_0046,2002-09-15 to 2002-09-29,53.411,not_enriched,,,,,,,matched_sentry,2040-2040,5.157e-09,No direct SBDB context attached in this run.
140,close_approach_window,CAW_0091,CAW_0091,2005-01-19 to 2005-02-02,53.134,not_enriched,,,,,,,not_matched_in_fetched_sentry,,,No direct SBDB context attached in this run.
141,high_energy_fireball_window,HEF_0189,HEF_0189,2025-03-27 to 2025-04-10,52.95,not_applicable,,,,,,,not_applicable,,,"Candidate is a time/month pattern, not a single cataloged object."
142,close_approach_window,CAW_0019,CAW_0019,2001-01-24 to 2001-02-07,52.527,not_enriched,,,,,,,not_matched_in_fetched_sentry,,,No direct SBDB context attached in this run.
143,repeating_close_approach_object,2004 PU42,       (2004 PU42),2002-Aug-11 13:02 to 2004-Aug-15 07:32,52.515,ok,APO,Apollo,True,False,,,matched_sentry,2071-2122,7.61514717e-05,Specific object enriched with SBDB orbital context.
144,fireball_month_cluster,month_10,Month 10,month=10,51.383,not_applicable,,,,,,,not_applicable,,,"Candidate is a time/month pattern, not a single cataloged object."
145,close_approach_window,CAW_0049,CAW_0049,2002-11-26 to 2002-12-10,50.358,not_enriched,,,,,,,not_matched_in_fetched_sentry,,,No direct SBDB context attached in this run.
146,high_energy_fireball_window,HEF_0132,HEF_0132,2021-07-05 to 2021-07-19,49.85,not_applicable,,,,,,,not_applicable,,,"Candidate is a time/month pattern, not a single cataloged object."
147,high_energy_fireball_window,HEF_0098,HEF_0098,2019-01-22 to 2019-02-05,49.3,not_applicable,,,,,,,not_applicable,,,"Candidate is a time/month pattern, not a single cataloged object."
148,high_energy_fireball_window,HEF_0194,HEF_0194,2025-08-12 to 2025-08-26,48.75,not_applicable,,,,,,,not_applicable,,,"Candidate is a time/month pattern, not a single cataloged object."
149,repeating_close_approach_object,367943,367943 Duende (2012 DA14),2003-Aug-18 07:57 to 2004-Aug-19 12:36,48.464,ok,ATE,Aten,True,False,,,not_matched_in_fetched_sentry,,,Specific object enriched with SBDB orbital context.
150,repeating_close_approach_object,2021 CZ3,       (2021 CZ3),2002-Aug-14 04:18 to 2004-Feb-12 02:06,48.083,ok,APO,Apollo,True,False,,,not_matched_in_fetched_sentry,,,Specific object enriched with SBDB orbital context.
151,close_approach_window,CAW_0045,CAW_0045,2002-08-18 to 2002-09-01,47.955,not_enriched,,,,,,,not_matched_in_fetched_sentry,,,No direct SBDB context attached in this run.
152,high_energy_fireball_window,HEF_0061,HEF_0061,2016-06-27 to 2016-07-11,47.9,not_applicable,,,,,,,not_applicable,,,"Candidate is a time/month pattern, not a single cataloged object."
153,repeating_close_approach_object,2001 XX4,       (2001 XX4),2001-Dec-07 10:33 to 2002-Dec-09 08:31,47.79,ok,APO,Apollo,True,True,,,not_matched_in_fetched_sentry,,,Specific object enriched with SBDB orbital context.
154,repeating_close_approach_object,2022 JF,       (2022 JF),2003-May-03 18:19 to 2004-Nov-03 01:05,47.392,ok,APO,Apollo,True,False,,,not_matched_in_fetched_sentry,,,Specific object enriched with SBDB orbital context.
155,high_energy_fireball_window,HEF_0026,HEF_0026,2014-03-18 to 2014-04-01,47.15,not_applicable,,,,,,,not_applicable,,,"Candidate is a time/month pattern, not a single cataloged object."
156,repeating_close_approach_object,2015 RT1,       (2015 RT1),2000-Aug-24 17:49 to 2003-Jan-05 08:39,46.982,ok,ATE,Aten,True,False,,,not_matched_in_fetched_sentry,,,Specific object enriched with SBDB orbital context.
157,close_approach_window,CAW_0059,CAW_0059,2003-07-18 to 2003-08-01,46.854,not_enriched,,,,,,,not_matched_in_fetched_sentry,,,No direct SBDB context attached in this run.
158,high_energy_fireball_window,HEF_0176,HEF_0176,2024-06-18 to 2024-07-02,46.65,not_applicable,,,,,,,not_applicable,,,"Candidate is a time/month pattern, not a single cataloged object."
159,high_energy_fireball_window,HEF_0114,HEF_0114,2020-02-28 to 2020-03-13,46.45,not_applicable,,,,,,,not_applicable,,,"Candidate is a time/month pattern, not a single cataloged object."
160,high_energy_fireball_window,HEF_0143,HEF_0143,2022-03-24 to 2022-04-07,46.1,not_applicable,,,,,,,not_applicable,,,"Candidate is a time/month pattern, not a single cataloged object."
161,high_energy_fireball_window,HEF_0202,HEF_0202,2026-05-21 to 2026-06-04,46.1,not_applicable,,,,,,,not_applicable,,,"Candidate is a time/month pattern, not a single cataloged object."
162,repeating_close_approach_object,2004 CZ1,       (2004 CZ1),2002-Jun-28 09:42 to 2004-Feb-24 16:02,46.04,ok,APO,Apollo,True,False,,,not_matched_in_fetched_sentry,,,Specific object enriched with SBDB orbital context.
163,repeating_close_approach_object,25143, 25143 Itokawa (1998 SF36),2001-Mar-29 18:37 to 2004-Jun-26 20:00,45.704,ok,APO,Apollo,True,True,,,not_matched_in_fetched_sentry,,,Specific object enriched with SBDB orbital context.
164,high_energy_fireball_window,HEF_0070,HEF_0070,2017-02-06 to 2017-02-20,45.35,not_applicable,,,,,,,not_applicable,,,"Candidate is a time/month pattern, not a single cataloged object."
165,repeating_close_approach_object,2017 XY2,       (2017 XY2),2002-Dec-15 16:36 to 2004-Jun-09 03:10,45.325,ok,APO,Apollo,True,False,,,matched_sentry,2108-2108,9.773e-08,Specific object enriched with SBDB orbital context.
166,high_energy_fireball_window,HEF_0001,HEF_0001,2012-05-04 to 2012-05-18,45.15,not_applicable,,,,,,,not_applicable,,,"Candidate is a time/month pattern, not a single cataloged object."
167,high_energy_fireball_window,HEF_0006,HEF_0006,2012-09-11 to 2012-09-25,45.0,not_applicable,,,,,,,not_applicable,,,"Candidate is a time/month pattern, not a single cataloged object."
168,repeating_close_approach_object,2001 FR85,       (2001 FR85),2001-Mar-23 07:48 to 2001-Sep-15 19:38,44.777,ok,ATE,Aten,True,False,,,not_matched_in_fetched_sentry,,,Specific object enriched with SBDB orbital context.
169,repeating_close_approach_object,2020 KQ7,       (2020 KQ7),2000-Feb-09 10:11 to 2001-Jun-28 01:35,44.753,ok,ATE,Aten,True,False,,,not_matched_in_fetched_sentry,,,Specific object enriched with SBDB orbital context.
170,close_approach_window,CAW_0061,CAW_0061,2003-08-27 to 2003-09-10,44.503,not_enriched,,,,,,,not_matched_in_fetched_sentry,,,No direct SBDB context attached in this run.
171,high_energy_fireball_window,HEF_0063,HEF_0063,2016-08-05 to 2016-08-19,44.5,not_applicable,,,,,,,not_applicable,,,"Candidate is a time/month pattern, not a single cataloged object."
172,high_energy_fireball_window,HEF_0029,HEF_0029,2014-06-26 to 2014-07-10,44.35,not_applicable,,,,,,,not_applicable,,,"Candidate is a time/month pattern, not a single cataloged object."
173,close_approach_window,CAW_0024,CAW_0024,2001-05-29 to 2001-06-12,44.21,not_enriched,,,,,,,not_matched_in_fetched_sentry,,,No direct SBDB context attached in this run.
174,high_energy_fireball_window,HEF_0052,HEF_0052,2015-12-08 to 2015-12-22,44.15,not_applicable,,,,,,,not_applicable,,,"Candidate is a time/month pattern, not a single cataloged object."
175,high_energy_fireball_window,HEF_0038,HEF_0038,2015-01-07 to 2015-01-21,44.1,not_applicable,,,,,,,not_applicable,,,"Candidate is a time/month pattern, not a single cataloged object."
176,high_energy_fireball_window,HEF_0004,HEF_0004,2012-08-13 to 2012-08-27,44.05,not_applicable,,,,,,,not_applicable,,,"Candidate is a time/month pattern, not a single cataloged object."
177,high_energy_fireball_window,HEF_0002,HEF_0002,2012-05-22 to 2012-06-05,44.0,not_applicable,,,,,,,not_applicable,,,"Candidate is a time/month pattern, not a single cataloged object."
178,high_energy_fireball_window,HEF_0108,HEF_0108,2019-09-27 to 2019-10-11,43.9,not_applicable,,,,,,,not_applicable,,,"Candidate is a time/month pattern, not a single cataloged object."
179,high_energy_fireball_window,HEF_0115,HEF_0115,2020-03-23 to 2020-04-06,43.7,not_applicable,,,,,,,not_applicable,,,"Candidate is a time/month pattern, not a single cataloged object."
180,repeating_close_approach_object,2025 PN7,       (2025 PN7),2002-Aug-02 15:28 to 2004-Aug-04 17:26,43.605,ok,APO,Apollo,True,False,,,not_matched_in_fetched_sentry,,,Specific object enriched with SBDB orbital context.
181,high_energy_fireball_window,HEF_0088,HEF_0088,2018-05-08 to 2018-05-22,43.6,not_applicable,,,,,,,not_applicable,,,"Candidate is a time/month pattern, not a single cataloged object."
182,high_energy_fireball_window,HEF_0009,HEF_0009,2012-12-18 to 2013-01-01,43.5,not_applicable,,,,,,,not_applicable,,,"Candidate is a time/month pattern, not a single cataloged object."
183,high_energy_fireball_window,HEF_0083,HEF_0083,2018-01-15 to 2018-01-29,43.25,not_applicable,,,,,,,not_applicable,,,"Candidate is a time/month pattern, not a single cataloged object."
184,close_approach_window,CAW_0003,CAW_0003,2000-02-09 to 2000-02-23,43.245,not_enriched,,,,,,,not_matched_in_fetched_sentry,,,No direct SBDB context attached in this run.
185,high_energy_fireball_window,HEF_0054,HEF_0054,2016-01-21 to 2016-02-04,43.1,not_applicable,,,,,,,not_applicable,,,"Candidate is a time/month pattern, not a single cataloged object."
186,high_energy_fireball_window,HEF_0155,HEF_0155,2023-02-02 to 2023-02-16,43.1,not_applicable,,,,,,,not_applicable,,,"Candidate is a time/month pattern, not a single cataloged object."
187,high_energy_fireball_window,HEF_0156,HEF_0156,2023-02-19 to 2023-03-05,43.0,not_applicable,,,,,,,not_applicable,,,"Candidate is a time/month pattern, not a single cataloged object."
188,high_energy_fireball_window,HEF_0196,HEF_0196,2025-11-11 to 2025-11-25,43.0,not_applicable,,,,,,,not_applicable,,,"Candidate is a time/month pattern, not a single cataloged object."
189,high_energy_fireball_window,HEF_0042,HEF_0042,2015-04-21 to 2015-05-05,42.95,not_applicable,,,,,,,not_applicable,,,"Candidate is a time/month pattern, not a single cataloged object."
190,high_energy_fireball_window,HEF_0128,HEF_0128,2021-03-05 to 2021-03-19,42.9,not_applicable,,,,,,,not_applicable,,,"Candidate is a time/month pattern, not a single cataloged object."
191,high_energy_fireball_window,HEF_0183,HEF_0183,2024-11-29 to 2024-12-13,42.85,not_applicable,,,,,,,not_applicable,,,"Candidate is a time/month pattern, not a single cataloged object."
192,high_energy_fireball_window,HEF_0109,HEF_0109,2019-10-22 to 2019-11-05,42.8,not_applicable,,,,,,,not_applicable,,,"Candidate is a time/month pattern, not a single cataloged object."
193,repeating_close_approach_object,2002 PN,       (2002 PN),2002-Aug-04 13:32 to 2004-Jan-28 19:47,42.776,ok,APO,Apollo,True,False,,,not_matched_in_fetched_sentry,,,Specific object enriched with SBDB orbital context.
194,high_energy_fireball_window,HEF_0199,HEF_0199,2026-03-17 to 2026-03-31,42.7,not_applicable,,,,,,,not_applicable,,,"Candidate is a time/month pattern, not a single cataloged object."
195,close_approach_window,CAW_0002,CAW_0002,2000-01-24 to 2000-02-07,42.665,not_enriched,,,,,,,matched_sentry,2077-2122,2.97549714e-05,No direct SBDB context attached in this run.
196,high_energy_fireball_window,HEF_0138,HEF_0138,2021-12-20 to 2022-01-03,42.65,not_applicable,,,,,,,not_applicable,,,"Candidate is a time/month pattern, not a single cataloged object."
197,high_energy_fireball_window,HEF_0073,HEF_0073,2017-04-30 to 2017-05-14,42.6,not_applicable,,,,,,,not_applicable,,,"Candidate is a time/month pattern, not a single cataloged object."
198,high_energy_fireball_window,HEF_0141,HEF_0141,2022-02-17 to 2022-03-03,42.6,not_applicable,,,,,,,not_applicable,,,"Candidate is a time/month pattern, not a single cataloged object."
199,high_energy_fireball_window,HEF_0003,HEF_0003,2012-07-25 to 2012-08-08,42.5,not_applicable,,,,,,,not_applicable,,,"Candidate is a time/month pattern, not a single cataloged object."
200,high_energy_fireball_window,HEF_0180,HEF_0180,2024-09-23 to 2024-10-07,42.5,not_applicable,,,,,,,not_applicable,,,"Candidate is a time/month pattern, not a single cataloged object."
201,high_energy_fireball_window,HEF_0065,HEF_0065,2016-09-14 to 2016-09-28,42.35,not_applicable,,,,,,,not_applicable,,,"Candidate is a time/month pattern, not a single cataloged object."
202,high_energy_fireball_window,HEF_0118,HEF_0118,2020-07-12 to 2020-07-26,42.2,not_applicable,,,,,,,not_applicable,,,"Candidate is a time/month pattern, not a single cataloged object."
203,high_energy_fireball_window,HEF_0030,HEF_0030,2014-07-29 to 2014-08-12,42.15,not_applicable,,,,,,,not_applicable,,,"Candidate is a time/month pattern, not a single cataloged object."
204,high_energy_fireball_window,HEF_0074,HEF_0074,2017-05-22 to 2017-06-05,42.15,not_applicable,,,,,,,not_applicable,,,"Candidate is a time/month pattern, not a single cataloged object."
205,high_energy_fireball_window,HEF_0071,HEF_0071,2017-02-22 to 2017-03-08,42.05,not_applicable,,,,,,,not_applicable,,,"Candidate is a time/month pattern, not a single cataloged object."
206,high_energy_fireball_window,HEF_0146,HEF_0146,2022-06-14 to 2022-06-28,42.05,not_applicable,,,,,,,not_applicable,,,"Candidate is a time/month pattern, not a single cataloged object."
207,high_energy_fireball_window,HEF_0076,HEF_0076,2017-07-13 to 2017-07-27,41.85,not_applicable,,,,,,,not_applicable,,,"Candidate is a time/month pattern, not a single cataloged object."
208,high_energy_fireball_window,HEF_0133,HEF_0133,2021-07-29 to 2021-08-12,41.8,not_applicable,,,,,,,not_applicable,,,"Candidate is a time/month pattern, not a single cataloged object."
209,high_energy_fireball_window,HEF_0101,HEF_0101,2019-04-06 to 2019-04-20,41.7,not_applicable,,,,,,,not_applicable,,,"Candidate is a time/month pattern, not a single cataloged object."
210,high_energy_fireball_window,HEF_0150,HEF_0150,2022-10-20 to 2022-11-03,41.65,not_applicable,,,,,,,not_applicable,,,"Candidate is a time/month pattern, not a single cataloged object."
211,high_energy_fireball_window,HEF_0082,HEF_0082,2017-12-31 to 2018-01-14,41.6,not_applicable,,,,,,,not_applicable,,,"Candidate is a time/month pattern, not a single cataloged object."
212,high_energy_fireball_window,HEF_0100,HEF_0100,2019-03-15 to 2019-03-29,41.6,not_applicable,,,,,,,not_applicable,,,"Candidate is a time/month pattern, not a single cataloged object."
213,repeating_close_approach_object,2025 SY1,       (2025 SY1),2001-Apr-30 03:52 to 2004-Sep-17 18:12,41.566,ok,ATE,Aten,True,False,,,matched_sentry,2042-2124,0.000148716402,Specific object enriched with SBDB orbital context.
214,high_energy_fireball_window,HEF_0198,HEF_0198,2026-01-30 to 2026-02-13,41.55,not_applicable,,,,,,,not_applicable,,,"Candidate is a time/month pattern, not a single cataloged object."
215,high_energy_fireball_window,HEF_0099,HEF_0099,2019-02-18 to 2019-03-04,41.5,not_applicable,,,,,,,not_applicable,,,"Candidate is a time/month pattern, not a single cataloged object."
216,high_energy_fireball_window,HEF_0187,HEF_0187,2025-02-22 to 2025-03-08,41.5,not_applicable,,,,,,,not_applicable,,,"Candidate is a time/month pattern, not a single cataloged object."
217,high_energy_fireball_window,HEF_0130,HEF_0130,2021-05-02 to 2021-05-16,41.4,not_applicable,,,,,,,not_applicable,,,"Candidate is a time/month pattern, not a single cataloged object."
218,high_energy_fireball_window,HEF_0137,HEF_0137,2021-11-28 to 2021-12-12,41.35,not_applicable,,,,,,,not_applicable,,,"Candidate is a time/month pattern, not a single cataloged object."
219,high_energy_fireball_window,HEF_0037,HEF_0037,2014-12-12 to 2014-12-26,41.3,not_applicable,,,,,,,not_applicable,,,"Candidate is a time/month pattern, not a single cataloged object."
220,high_energy_fireball_window,HEF_0174,HEF_0174,2024-05-05 to 2024-05-19,41.3,not_applicable,,,,,,,not_applicable,,,"Candidate is a time/month pattern, not a single cataloged object."
221,high_energy_fireball_window,HEF_0186,HEF_0186,2025-02-02 to 2025-02-16,41.3,not_applicable,,,,,,,not_applicable,,,"Candidate is a time/month pattern, not a single cataloged object."
222,high_energy_fireball_window,HEF_0159,HEF_0159,2023-04-26 to 2023-05-10,41.2,not_applicable,,,,,,,not_applicable,,,"Candidate is a time/month pattern, not a single cataloged object."
223,high_energy_fireball_window,HEF_0106,HEF_0106,2019-08-16 to 2019-08-30,41.15,not_applicable,,,,,,,not_applicable,,,"Candidate is a time/month pattern, not a single cataloged object."
224,high_energy_fireball_window,HEF_0144,HEF_0144,2022-04-12 to 2022-04-26,41.1,not_applicable,,,,,,,not_applicable,,,"Candidate is a time/month pattern, not a single cataloged object."
225,repeating_close_approach_object,2020 DK,       (2020 DK),2000-Mar-11 10:50 to 2004-Mar-08 13:42,40.626,ok,ATE,Aten,True,False,,,matched_sentry,2089-2122,1.565146e-05,Specific object enriched with SBDB orbital context.
