window_id,window_start_date,window_end_date,event_count,total_estimated_impact_energy_kt,max_estimated_impact_energy_kt,event_ids,dates_utc,window_note
HEF_0011,2013-02-07,2013-02-21,3,441.31,441.0,FB_20130207131224_00475 | FB_20130215032026_00474 | FB_20130220131307_00473,2013-02-07 13:12:24 | 2013-02-15 03:20:26 | 2013-02-20 13:13:07,High-energy fireballs >= 0.1 kt inside 14-day window
HEF_0097,2018-12-18,2019-01-01,2,49.28,49.0,FB_20181218234818_00273 | FB_20181223233802_00272,2018-12-18 23:48:18 | 2018-12-23 23:38:02,High-energy fireballs >= 0.1 kt inside 14-day window
HEF_0055,2016-02-06,2016-02-20,3,13.73,13.0,FB_20160206135509_00371 | FB_20160213001013_00370 | FB_20160219081502_00369,2016-02-06 13:55:09 | 2016-02-13 00:10:13 | 2016-02-19 08:15:02,High-energy fireballs >= 0.1 kt inside 14-day window
HEF_0125,2020-12-22,2021-01-05,3,12.4,12.0,FB_20201222232328_00191 | FB_20201228172753_00190 | FB_20201229203222_00189,2020-12-22 23:23:28 | 2020-12-28 17:27:53 | 2020-12-29 20:32:22,High-energy fireballs >= 0.1 kt inside 14-day window
HEF_0013,2013-04-21,2013-05-05,2,12.3,9.8,FB_20130421062312_00471 | FB_20130430084037_00470,2013-04-21 06:23:12 | 2013-04-30 08:40:37,High-energy fireballs >= 0.1 kt inside 14-day window
HEF_0081,2017-12-15,2017-12-29,3,8.56,7.9,FB_20171215131437_00314 | FB_20171228174544_00313 | FB_20171229124730_00312,2017-12-15 13:14:37 | 2017-12-28 17:45:44 | 2017-12-29 12:47:30,High-energy fireballs >= 0.1 kt inside 14-day window
HEF_0140,2022-01-28,2022-02-11,4,8.52,7.0,FB_20220128050445_00154 | FB_20220130020618_00153 | FB_20220203195040_00152 | FB_20220207200625_00151,2022-01-28 05:04:45 | 2022-01-30 02:06:18 | 2022-02-03 19:50:40 | 2022-02-07 20:06:25,High-energy fireballs >= 0.1 kt inside 14-day window
HEF_0031,2014-08-23,2014-09-06,3,7.84,7.6,FB_20140823062941_00435 | FB_20140828030745_00434 | FB_20140905213726_00432,2014-08-23 06:29:41 | 2014-08-28 03:07:45 | 2014-09-05 21:37:26,High-energy fireballs >= 0.1 kt inside 14-day window
HEF_0160,2023-05-16,2023-05-30,2,7.21,7.1,FB_20230516232850_00098 | FB_20230520112222_00097,2023-05-16 23:28:50 | 2023-05-20 11:22:22,High-energy fireballs >= 0.1 kt inside 14-day window
HEF_0010,2013-01-12,2013-01-26,2,7.06,6.9,FB_20130112030421_00477 | FB_20130125074018_00476,2013-01-12 03:04:21 | 2013-01-25 07:40:18,High-energy fireballs >= 0.1 kt inside 14-day window
HEF_0177,2024-07-12,2024-07-26,3,6.86,5.1,FB_20240712000935_00064 | FB_20240713031041_00063 | FB_20240720140810_00062,2024-07-12 00:09:35 | 2024-07-13 03:10:41 | 2024-07-20 14:08:10,High-energy fireballs >= 0.1 kt inside 14-day window
HEF_0158,2023-04-06,2023-04-20,2,6.72,6.5,FB_20230406144738_00102 | FB_20230415082158_00101,2023-04-06 14:47:38 | 2023-04-15 08:21:58,High-energy fireballs >= 0.1 kt inside 14-day window
HEF_0104,2019-06-22,2019-07-06,2,6.11,6.0,FB_20190622212547_00252 | FB_20190630165247_00250,2019-06-22 21:25:47 | 2019-06-30 16:52:47,High-energy fireballs >= 0.1 kt inside 14-day window
HEF_0099,2019-02-18,2019-03-04,1,4.3,4.3,FB_20190218100042_00268,2019-02-18 10:00:42,High-energy fireballs >= 0.1 kt inside 14-day window
HEF_0047,2015-09-02,2015-09-16,3,4.24,3.9,FB_20150902201030_00389 | FB_20150907014118_00388 | FB_20150914235050_00386,2015-09-02 20:10:30 | 2015-09-07 01:41:18 | 2015-09-14 23:50:50,High-energy fireballs >= 0.1 kt inside 14-day window
HEF_0163,2023-07-26,2023-08-09,2,4.24,3.8,FB_20230726034153_00093 | FB_20230805195449_00092,2023-07-26 03:41:53 | 2023-08-05 19:54:49,High-energy fireballs >= 0.1 kt inside 14-day window
HEF_0072,2017-03-08,2017-03-22,3,4.22,2.9,FB_20170308222159_00335 | FB_20170309041637_00334 | FB_20170311045121_00333,2017-03-08 22:21:59 | 2017-03-09 04:16:37 | 2017-03-11 04:51:21,High-energy fireballs >= 0.1 kt inside 14-day window
HEF_0142,2022-03-06,2022-03-20,2,3.94,3.8,FB_20220306150614_00147 | FB_20220311212245_00146,2022-03-06 15:06:14 | 2022-03-11 21:22:45,High-energy fireballs >= 0.1 kt inside 14-day window
HEF_0027,2014-05-08,2014-05-22,3,3.72,2.4,FB_20140508194237_00443 | FB_20140516124247_00442 | FB_20140516200626_00441,2014-05-08 19:42:37 | 2014-05-16 12:42:47 | 2014-05-16 20:06:26,High-energy fireballs >= 0.1 kt inside 14-day window
HEF_0019,2013-10-09,2013-10-23,2,3.69,3.5,FB_20131009172736_00457 | FB_20131012160645_00456,2013-10-09 17:27:36 | 2013-10-12 16:06:45,High-energy fireballs >= 0.1 kt inside 14-day window
HEF_0184,2024-12-20,2025-01-03,2,3.51,3.4,FB_20241220175201_00048 | FB_20241228044512_00047,2024-12-20 17:52:01 | 2024-12-28 04:45:12,High-energy fireballs >= 0.1 kt inside 14-day window
HEF_0044,2015-06-02,2015-06-16,4,2.91,1.0,FB_20150602084450_00397 | FB_20150610174703_00396 | FB_20150612170336_00395 | FB_20150614030306_00394,2015-06-02 08:44:50 | 2015-06-10 17:47:03 | 2015-06-12 17:03:36 | 2015-06-14 03:03:06,High-energy fireballs >= 0.1 kt inside 14-day window
HEF_0090,2018-06-21,2018-07-05,2,2.9,2.8,FB_20180621011620_00292 | FB_20180626175153_00291,2018-06-21 01:16:20 | 2018-06-26 17:51:53,High-energy fireballs >= 0.1 kt inside 14-day window
HEF_0139,2022-01-11,2022-01-25,1,2.9,2.9,FB_20220111033313_00155,2022-01-11 03:33:13,High-energy fireballs >= 0.1 kt inside 14-day window
HEF_0093,2018-09-13,2018-09-27,5,2.81,1.9,FB_20180913005121_00285 | FB_20180917010801_00284 | FB_20180920182903_00283 | FB_20180925001658_00282 | FB_20180925141042_00281,2018-09-13 00:51:21 | 2018-09-17 01:08:01 | 2018-09-20 18:29:03 | 2018-09-25 00:16:58 | 2018-09-25 14:10:42,High-energy fireballs >= 0.1 kt inside 14-day window
HEF_0007,2012-09-28,2012-10-12,4,2.8,1.3,FB_20120928054412_00487 | FB_20121002163838_00486 | FB_20121003225012_00485 | FB_20121009005455_00484,2012-09-28 05:44:12 | 2012-10-02 16:38:38 | 2012-10-03 22:50:12 | 2012-10-09 00:54:55,High-energy fireballs >= 0.1 kt inside 14-day window
HEF_0036,2014-11-26,2014-12-10,5,2.79,1.7,FB_20141126174016_00425 | FB_20141126231651_00424 | FB_20141127121252_00423 | FB_20141128114718_00422 | FB_20141209211918_00421,2014-11-26 17:40:16 | 2014-11-26 23:16:51 | 2014-11-27 12:12:52 | 2014-11-28 11:47:18 | 2014-12-09 21:19:18,High-energy fireballs >= 0.1 kt inside 14-day window
HEF_0148,2022-07-20,2022-08-03,5,2.62,1.3,FB_20220720105652_00131 | FB_20220722001618_00130 | FB_20220725072816_00129 | FB_20220727044127_00128 | FB_20220728013607_00127,2022-07-20 10:56:52 | 2022-07-22 00:16:18 | 2022-07-25 07:28:16 | 2022-07-27 04:41:27 | 2022-07-28 01:36:07,High-energy fireballs >= 0.1 kt inside 14-day window
HEF_0189,2025-03-27,2025-04-10,2,2.59,2.4,FB_20250327160523_00034 | FB_20250329081243_00033,2025-03-27 16:05:23 | 2025-03-29 08:12:43,High-energy fireballs >= 0.1 kt inside 14-day window
HEF_0058,2016-04-10,2016-04-24,3,2.43,1.4,FB_20160410145753_00364 | FB_20160418115910_00362 | FB_20160424053925_00361,2016-04-10 14:57:53 | 2016-04-18 11:59:10 | 2016-04-24 05:39:25,High-energy fireballs >= 0.1 kt inside 14-day window
HEF_0188,2025-03-13,2025-03-27,4,2.42,1.8,FB_20250313094651_00038 | FB_20250318174832_00037 | FB_20250321050626_00036 | FB_20250324055143_00035,2025-03-13 09:46:51 | 2025-03-18 17:48:32 | 2025-03-21 05:06:26 | 2025-03-24 05:51:43,High-energy fireballs >= 0.1 kt inside 14-day window
HEF_0103,2019-05-19,2019-06-02,4,2.4,1.6,FB_20190519144703_00258 | FB_20190521131233_00257 | FB_20190522151649_00256 | FB_20190525064404_00255,2019-05-19 14:47:03 | 2019-05-21 13:12:33 | 2019-05-22 15:16:49 | 2019-05-25 06:44:04,High-energy fireballs >= 0.1 kt inside 14-day window
HEF_0091,2018-07-17,2018-07-31,3,2.26,1.4,FB_20180717151737_00290 | FB_20180725215523_00289 | FB_20180727093514_00288,2018-07-17 15:17:37 | 2018-07-25 21:55:23 | 2018-07-27 09:35:14,High-energy fireballs >= 0.1 kt inside 14-day window
HEF_0147,2022-06-30,2022-07-14,3,2.19,1.8,FB_20220630040256_00134 | FB_20220707014925_00133 | FB_20220708013636_00132,2022-06-30 04:02:56 | 2022-07-07 01:49:25 | 2022-07-08 01:36:36,High-energy fireballs >= 0.1 kt inside 14-day window
HEF_0132,2021-07-05,2021-07-19,2,1.97,1.8,FB_20210705034622_00173 | FB_20210707134113_00172,2021-07-05 03:46:22 | 2021-07-07 13:41:13,High-energy fireballs >= 0.1 kt inside 14-day window
HEF_0075,2017-06-20,2017-07-04,3,1.9,1.2,FB_20170620134131_00328 | FB_20170623202155_00327 | FB_20170630142646_00326,2017-06-20 13:41:31 | 2017-06-23 20:21:55 | 2017-06-30 14:26:46,High-energy fireballs >= 0.1 kt inside 14-day window
HEF_0122,2020-10-18,2020-11-01,6,1.89,1.1,FB_20201018105242_00201 | FB_20201021063849_00199 | FB_20201021185733_00198 | FB_20201022173933_00197 | FB_20201023205138_00196 | FB_20201026150709_00195,2020-10-18 10:52:42 | 2020-10-21 06:38:49 | 2020-10-21 18:57:33 | 2020-10-22 17:39:33 | 2020-10-23 20:51:38 | 2020-10-26 15:07:09,High-energy fireballs >= 0.1 kt inside 14-day window
HEF_0098,2019-01-22,2019-02-05,2,1.86,1.7,FB_20190122091800_00271 | FB_20190201181709_00269,2019-01-22 09:18:00 | 2019-02-01 18:17:09,High-energy fireballs >= 0.1 kt inside 14-day window
HEF_0060,2016-05-29,2016-06-12,3,1.84,0.89,FB_20160529121455_00357 | FB_20160602105632_00356 | FB_20160605061255_00355,2016-05-29 12:14:55 | 2016-06-02 10:56:32 | 2016-06-05 06:12:55,High-energy fireballs >= 0.1 kt inside 14-day window
HEF_0096,2018-11-15,2018-11-29,3,1.76,1.1,FB_20181115080244_00276 | FB_20181117214823_00275 | FB_20181120173027_00274,2018-11-15 08:02:44 | 2018-11-17 21:48:23 | 2018-11-20 17:30:27,High-energy fireballs >= 0.1 kt inside 14-day window
HEF_0194,2025-08-12,2025-08-26,2,1.75,1.6,FB_20250812040948_00024 | FB_20250819140848_00023,2025-08-12 04:09:48 | 2025-08-19 14:08:48,High-energy fireballs >= 0.1 kt inside 14-day window
HEF_0015,2013-07-27,2013-08-10,4,1.71,1.0,FB_20130727083036_00464 | FB_20130730023658_00463 | FB_20130731035013_00462 | FB_20130731070038_00461,2013-07-27 08:30:36 | 2013-07-30 02:36:58 | 2013-07-31 03:50:13 | 2013-07-31 07:00:38,High-energy fireballs >= 0.1 kt inside 14-day window
HEF_0080,2017-10-26,2017-11-09,1,1.7,1.7,FB_20171026220534_00316,2017-10-26 22:05:34,High-energy fireballs >= 0.1 kt inside 14-day window
HEF_0061,2016-06-27,2016-07-11,2,1.58,1.1,FB_20160627100242_00354 | FB_20160705012426_00353,2016-06-27 10:02:42 | 2016-07-05 01:24:26,High-energy fireballs >= 0.1 kt inside 14-day window
HEF_0084,2018-02-01,2018-02-15,3,1.56,0.91,FB_20180201122136_00306 | FB_20180208222140_00305 | FB_20180212021519_00304,2018-02-01 12:21:36 | 2018-02-08 22:21:40 | 2018-02-12 02:15:19,High-energy fireballs >= 0.1 kt inside 14-day window
HEF_0086,2018-04-07,2018-04-21,3,1.55,1.2,FB_20180407030509_00301 | FB_20180419133939_00300 | FB_20180419140227_00299,2018-04-07 03:05:09 | 2018-04-19 13:39:39 | 2018-04-19 14:02:27,High-energy fireballs >= 0.1 kt inside 14-day window
HEF_0126,2021-01-24,2021-02-07,5,1.53,0.75,FB_20210124073343_00188 | FB_20210125030137_00187 | FB_20210129161247_00186 | FB_20210131025938_00185 | FB_20210202100320_00184,2021-01-24 07:33:43 | 2021-01-25 03:01:37 | 2021-01-29 16:12:47 | 2021-01-31 02:59:38 | 2021-02-02 10:03:20,High-energy fireballs >= 0.1 kt inside 14-day window
HEF_0059,2016-05-13,2016-05-27,3,1.51,1.2,FB_20160513003401_00360 | FB_20160516100941_00359 | FB_20160520115946_00358,2016-05-13 00:34:01 | 2016-05-16 10:09:41 | 2016-05-20 11:59:46,High-energy fireballs >= 0.1 kt inside 14-day window
HEF_0024,2014-02-13,2014-02-27,1,1.5,1.5,FB_20140213064741_00448,2014-02-13 06:47:41,High-energy fireballs >= 0.1 kt inside 14-day window
HEF_0026,2014-03-18,2014-04-01,2,1.43,1.3,FB_20140318110237_00445 | FB_20140329134542_00444,2014-03-18 11:02:37 | 2014-03-29 13:45:42,High-energy fireballs >= 0.1 kt inside 14-day window
HEF_0161,2023-06-21,2023-07-05,1,1.4,1.4,FB_20230621193912_00096,2023-06-21 19:39:12,High-energy fireballs >= 0.1 kt inside 14-day window
HEF_0176,2024-06-18,2024-07-02,2,1.33,1.2,FB_20240618135119_00067 | FB_20240628160519_00065,2024-06-18 13:51:19 | 2024-06-28 16:05:19,High-energy fireballs >= 0.1 kt inside 14-day window
HEF_0114,2020-02-28,2020-03-13,2,1.29,0.98,FB_20200228093034_00220 | FB_20200304202558_00219,2020-02-28 09:30:34 | 2020-03-04 20:25:58,High-energy fireballs >= 0.1 kt inside 14-day window
HEF_0056,2016-02-21,2016-03-06,3,1.28,0.97,FB_20160221055853_00368 | FB_20160223035913_00367 | FB_20160303013243_00366,2016-02-21 05:58:53 | 2016-02-23 03:59:13 | 2016-03-03 01:32:43,High-energy fireballs >= 0.1 kt inside 14-day window
HEF_0166,2023-10-14,2023-10-28,4,1.24,0.78,FB_20231014225525_00087 | FB_20231016171452_00086 | FB_20231023025126_00085 | FB_20231026085824_00084,2023-10-14 22:55:25 | 2023-10-16 17:14:52 | 2023-10-23 02:51:26 | 2023-10-26 08:58:24,High-energy fireballs >= 0.1 kt inside 14-day window
HEF_0112,2020-01-06,2020-01-20,4,1.23,0.56,FB_20200106110349_00229 | FB_20200115063139_00228 | FB_20200116093142_00227 | FB_20200117212946_00226,2020-01-06 11:03:49 | 2020-01-15 06:31:39 | 2020-01-16 09:31:42 | 2020-01-17 21:29:46,High-energy fireballs >= 0.1 kt inside 14-day window
HEF_0143,2022-03-24,2022-04-07,2,1.22,0.98,FB_20220324034342_00145 | FB_20220328102024_00143,2022-03-24 03:43:42 | 2022-03-28 10:20:24,High-energy fireballs >= 0.1 kt inside 14-day window
HEF_0202,2026-05-21,2026-06-04,2,1.22,1.1,FB_20260521021551_00002 | FB_20260530180623_00001,2026-05-21 02:15:51 | 2026-05-30 18:06:23,High-energy fireballs >= 0.1 kt inside 14-day window
HEF_0050,2015-10-30,2015-11-13,3,1.2,0.66,FB_20151030070712_00380 | FB_20151031113430_00379 | FB_20151102213420_00378,2015-10-30 07:07:12 | 2015-10-31 11:34:30 | 2015-11-02 21:34:20,High-energy fireballs >= 0.1 kt inside 14-day window
HEF_0023,2014-01-08,2014-01-22,4,1.19,0.41,FB_20140108170533_00452 | FB_20140112160048_00451 | FB_20140115024613_00450 | FB_20140119025438_00449,2014-01-08 17:05:33 | 2014-01-12 16:00:48 | 2014-01-15 02:46:13 | 2014-01-19 02:54:38,High-energy fireballs >= 0.1 kt inside 14-day window
HEF_0157,2023-03-11,2023-03-25,1,1.1,1.1,FB_20230311082128_00105,2023-03-11 08:21:28,High-energy fireballs >= 0.1 kt inside 14-day window
HEF_0107,2019-09-12,2019-09-26,4,1.08,0.42,FB_20190912023458_00245 | FB_20190912124947_00244 | FB_20190913020203_00243 | FB_20190914123933_00242,2019-09-12 02:34:58 | 2019-09-12 12:49:47 | 2019-09-13 02:02:03 | 2019-09-14 12:39:33,High-energy fireballs >= 0.1 kt inside 14-day window
HEF_0070,2017-02-06,2017-02-20,2,1.07,0.85,FB_20170206060959_00340 | FB_20170218194829_00338,2017-02-06 06:09:59 | 2017-02-18 19:48:29,High-energy fireballs >= 0.1 kt inside 14-day window
HEF_0195,2025-09-08,2025-09-22,3,1.04,0.48,FB_20250908100915_00022 | FB_20250909174910_00021 | FB_20250913222459_00019,2025-09-08 10:09:15 | 2025-09-09 17:49:10 | 2025-09-13 22:24:59,High-energy fireballs >= 0.1 kt inside 14-day window
HEF_0041,2015-03-30,2015-04-13,4,1.03,0.57,FB_20150330213352_00407 | FB_20150403013938_00406 | FB_20150408040631_00405 | FB_20150410011427_00404,2015-03-30 21:33:52 | 2015-04-03 01:39:38 | 2015-04-08 04:06:31 | 2015-04-10 01:14:27,High-energy fireballs >= 0.1 kt inside 14-day window
HEF_0001,2012-05-04,2012-05-18,2,1.03,0.64,FB_20120504215449_00500 | FB_20120515110417_00499,2012-05-04 21:54:49 | 2012-05-15 11:04:17,High-energy fireballs >= 0.1 kt inside 14-day window
HEF_0006,2012-09-11,2012-09-25,2,1.0,0.69,FB_20120911220730_00489 | FB_20120918193439_00488,2012-09-11 22:07:30 | 2012-09-18 19:34:39,High-energy fireballs >= 0.1 kt inside 14-day window
HEF_0149,2022-08-14,2022-08-28,1,1.0,1.0,FB_20220814073917_00126,2022-08-14 07:39:17,High-energy fireballs >= 0.1 kt inside 14-day window
HEF_0191,2025-05-31,2025-06-14,1,1.0,1.0,FB_20250531230633_00029,2025-05-31 23:06:33,High-energy fireballs >= 0.1 kt inside 14-day window
HEF_0192,2025-06-21,2025-07-05,3,0.97,0.48,FB_20250621205514_00028 | FB_20250626003720_00027 | FB_20250626162457_00026,2025-06-21 20:55:14 | 2025-06-26 00:37:20 | 2025-06-26 16:24:57,High-energy fireballs >= 0.1 kt inside 14-day window
HEF_0089,2018-06-02,2018-06-16,1,0.91,0.91,FB_20180602164412_00293,2018-06-02 16:44:12,High-energy fireballs >= 0.1 kt inside 14-day window
HEF_0063,2016-08-05,2016-08-19,2,0.9,0.55,FB_20160805180244_00351 | FB_20160811055958_00350,2016-08-05 18:02:44 | 2016-08-11 05:59:58,High-energy fireballs >= 0.1 kt inside 14-day window
HEF_0116,2020-05-09,2020-05-23,4,0.89,0.4,FB_20200509025611_00212 | FB_20200509093752_00211 | FB_20200512232256_00210 | FB_20200518011109_00209,2020-05-09 02:56:11 | 2020-05-09 09:37:52 | 2020-05-12 23:22:56 | 2020-05-18 01:11:09,High-energy fireballs >= 0.1 kt inside 14-day window
HEF_0029,2014-06-26,2014-07-10,2,0.87,0.67,FB_20140626055441_00439 | FB_20140628024005_00438,2014-06-26 05:54:41 | 2014-06-28 02:40:05,High-energy fireballs >= 0.1 kt inside 14-day window
HEF_0039,2015-02-17,2015-03-03,3,0.86,0.53,FB_20150217131950_00414 | FB_20150225105324_00413 | FB_20150226220623_00412,2015-02-17 13:19:50 | 2015-02-25 10:53:24 | 2015-02-26 22:06:23,High-energy fireballs >= 0.1 kt inside 14-day window
HEF_0068,2016-11-24,2016-12-08,3,0.86,0.4,FB_20161124141034_00344 | FB_20161129080538_00343 | FB_20161207045139_00342,2016-11-24 14:10:34 | 2016-11-29 08:05:38 | 2016-12-07 04:51:39,High-energy fireballs >= 0.1 kt inside 14-day window
HEF_0043,2015-05-07,2015-05-21,4,0.85,0.41,FB_20150507203434_00401 | FB_20150510074501_00400 | FB_20150518171351_00399 | FB_20150520102041_00398,2015-05-07 20:34:34 | 2015-05-10 07:45:01 | 2015-05-18 17:13:51 | 2015-05-20 10:20:41,High-energy fireballs >= 0.1 kt inside 14-day window
HEF_0052,2015-12-08,2015-12-22,2,0.83,0.57,FB_20151208003423_00376 | FB_20151221023248_00375,2015-12-08 00:34:23 | 2015-12-21 02:32:48,High-energy fireballs >= 0.1 kt inside 14-day window
HEF_0038,2015-01-07,2015-01-21,2,0.82,0.41,FB_20150107010558_00417 | FB_20150109104111_00416,2015-01-07 01:05:58 | 2015-01-09 10:41:11,High-energy fireballs >= 0.1 kt inside 14-day window
HEF_0004,2012-08-13,2012-08-27,2,0.81,0.69,FB_20120813053153_00493 | FB_20120826145547_00492,2012-08-13 05:31:53 | 2012-08-26 14:55:47,High-energy fireballs >= 0.1 kt inside 14-day window
HEF_0002,2012-05-22,2012-06-05,2,0.8,0.59,FB_20120522083142_00498 | FB_20120525113124_00497,2012-05-22 08:31:42 | 2012-05-25 11:31:24,High-energy fireballs >= 0.1 kt inside 14-day window
HEF_0022,2013-12-23,2014-01-06,1,0.79,0.79,FB_20131223083057_00453,2013-12-23 08:30:57,High-energy fireballs >= 0.1 kt inside 14-day window
HEF_0108,2019-09-27,2019-10-11,2,0.78,0.57,FB_20190927133545_00241 | FB_20191010161636_00239,2019-09-27 13:35:45 | 2019-10-10 16:16:36,High-energy fireballs >= 0.1 kt inside 14-day window
HEF_0040,2015-03-04,2015-03-18,3,0.77,0.37,FB_20150304043005_00411 | FB_20150311061859_00409 | FB_20150318000450_00408,2015-03-04 04:30:05 | 2015-03-11 06:18:59 | 2015-03-18 00:04:50,High-energy fireballs >= 0.1 kt inside 14-day window
HEF_0115,2020-03-23,2020-04-06,2,0.74,0.39,FB_20200323165150_00217 | FB_20200326232756_00216,2020-03-23 16:51:50 | 2020-03-26 23:27:56,High-energy fireballs >= 0.1 kt inside 14-day window
HEF_0088,2018-05-08,2018-05-22,2,0.72,0.49,FB_20180508022713_00295 | FB_20180512032646_00294,2018-05-08 02:27:13 | 2018-05-12 03:26:46,High-energy fireballs >= 0.1 kt inside 14-day window
HEF_0009,2012-12-18,2013-01-01,2,0.7,0.59,FB_20121218111917_00479 | FB_20121230072535_00478,2012-12-18 11:19:17 | 2012-12-30 07:25:35,High-energy fireballs >= 0.1 kt inside 14-day window
HEF_0153,2022-12-29,2023-01-12,4,0.69,0.22,FB_20221229065208_00115 | FB_20230102163801_00114 | FB_20230109011713_00113 | FB_20230111235950_00112,2022-12-29 06:52:08 | 2023-01-02 16:38:01 | 2023-01-09 01:17:13 | 2023-01-11 23:59:50,High-energy fireballs >= 0.1 kt inside 14-day window
HEF_0175,2024-05-24,2024-06-07,3,0.69,0.26,FB_20240524161959_00071 | FB_20240527031936_00070 | FB_20240601232458_00069,2024-05-24 16:19:59 | 2024-05-27 03:19:36 | 2024-06-01 23:24:58,High-energy fireballs >= 0.1 kt inside 14-day window
HEF_0105,2019-07-23,2019-08-06,1,0.69,0.69,FB_20190723204257_00249,2019-07-23 20:42:57,High-energy fireballs >= 0.1 kt inside 14-day window
HEF_0079,2017-10-04,2017-10-18,4,0.65,0.34,FB_20171004120705_00321 | FB_20171009004632_00320 | FB_20171009125148_00319 | FB_20171015043316_00318,2017-10-04 12:07:05 | 2017-10-09 00:46:32 | 2017-10-09 12:51:48 | 2017-10-15 04:33:16,High-energy fireballs >= 0.1 kt inside 14-day window
HEF_0083,2018-01-15,2018-01-29,2,0.65,0.55,FB_20180115021838_00308 | FB_20180122220630_00307,2018-01-15 02:18:38 | 2018-01-22 22:06:30,High-energy fireballs >= 0.1 kt inside 14-day window
HEF_0169,2023-12-30,2024-01-13,1,0.65,0.65,FB_20231230210433_00079,2023-12-30 21:04:33,High-energy fireballs >= 0.1 kt inside 14-day window
HEF_0054,2016-01-21,2016-02-04,2,0.62,0.35,FB_20160121164454_00373 | FB_20160127095915_00372,2016-01-21 16:44:54 | 2016-01-27 09:59:15,High-energy fireballs >= 0.1 kt inside 14-day window
HEF_0155,2023-02-02,2023-02-16,2,0.62,0.52,FB_20230202204922_00109 | FB_20230214225524_00108,2023-02-02 20:49:22 | 2023-02-14 22:55:24,High-energy fireballs >= 0.1 kt inside 14-day window
HEF_0156,2023-02-19,2023-03-05,2,0.6,0.4,FB_20230219061533_00107 | FB_20230303025354_00106,2023-02-19 06:15:33 | 2023-03-03 02:53:54,High-energy fireballs >= 0.1 kt inside 14-day window
HEF_0196,2025-11-11,2025-11-25,2,0.6,0.32,FB_20251111173951_00017 | FB_20251115004843_00016,2025-11-11 17:39:51 | 2025-11-15 00:48:43,High-energy fireballs >= 0.1 kt inside 14-day window
HEF_0042,2015-04-21,2015-05-05,2,0.59,0.32,FB_20150421014251_00403 | FB_20150430102100_00402,2015-04-21 01:42:51 | 2015-04-30 10:21:00,High-energy fireballs >= 0.1 kt inside 14-day window
HEF_0128,2021-03-05,2021-03-19,2,0.58,0.45,FB_20210305135001_00181 | FB_20210306084306_00180,2021-03-05 13:50:01 | 2021-03-06 08:43:06,High-energy fireballs >= 0.1 kt inside 14-day window
HEF_0110,2019-11-28,2019-12-12,4,0.57,0.18,FB_20191128132210_00235 | FB_20191128203053_00234 | FB_20191203064627_00233 | FB_20191206101957_00232,2019-11-28 13:22:10 | 2019-11-28 20:30:53 | 2019-12-03 06:46:27 | 2019-12-06 10:19:57,High-energy fireballs >= 0.1 kt inside 14-day window
HEF_0183,2024-11-29,2024-12-13,2,0.57,0.38,FB_20241129175718_00051 | FB_20241201085016_00049,2024-11-29 17:57:18 | 2024-12-01 08:50:16,High-energy fireballs >= 0.1 kt inside 14-day window
HEF_0109,2019-10-22,2019-11-05,2,0.56,0.44,FB_20191022222115_00238 | FB_20191105112450_00237,2019-10-22 22:21:15 | 2019-11-05 11:24:50,High-energy fireballs >= 0.1 kt inside 14-day window
HEF_0201,2026-04-29,2026-05-13,3,0.55,0.2,FB_20260429140039_00005 | FB_20260507055203_00004 | FB_20260510165737_00003,2026-04-29 14:00:39 | 2026-05-07 05:52:03 | 2026-05-10 16:57:37,High-energy fireballs >= 0.1 kt inside 14-day window
HEF_0199,2026-03-17,2026-03-31,2,0.54,0.37,FB_20260317125642_00011 | FB_20260323192343_00009,2026-03-17 12:56:42 | 2026-03-23 19:23:43,High-energy fireballs >= 0.1 kt inside 14-day window
HEF_0138,2021-12-20,2022-01-03,2,0.53,0.42,FB_20211220231554_00159 | FB_20220101202303_00156,2021-12-20 23:15:54 | 2022-01-01 20:23:03,High-energy fireballs >= 0.1 kt inside 14-day window
HEF_0073,2017-04-30,2017-05-14,2,0.52,0.4,FB_20170430212828_00332 | FB_20170514093035_00331,2017-04-30 21:28:28 | 2017-05-14 09:30:35,High-energy fireballs >= 0.1 kt inside 14-day window
HEF_0141,2022-02-17,2022-03-03,2,0.52,0.32,FB_20220217035323_00150 | FB_20220217120806_00149,2022-02-17 03:53:23 | 2022-02-17 12:08:06,High-energy fireballs >= 0.1 kt inside 14-day window
HEF_0129,2021-04-02,2021-04-16,1,0.52,0.52,FB_20210402155257_00179,2021-04-02 15:52:57,High-energy fireballs >= 0.1 kt inside 14-day window
HEF_0033,2014-10-06,2014-10-20,3,0.5,0.25,FB_20141006200214_00430 | FB_20141014102503_00429 | FB_20141017140736_00428,2014-10-06 20:02:14 | 2014-10-14 10:25:03 | 2014-10-17 14:07:36,High-energy fireballs >= 0.1 kt inside 14-day window
HEF_0151,2022-11-08,2022-11-22,3,0.5,0.2,FB_20221108085401_00119 | FB_20221120135354_00118 | FB_20221120153521_00117,2022-11-08 08:54:01 | 2022-11-20 13:53:54 | 2022-11-20 15:35:21,High-energy fireballs >= 0.1 kt inside 14-day window
HEF_0003,2012-07-25,2012-08-08,2,0.5,0.39,FB_20120725074820_00495 | FB_20120727041950_00494,2012-07-25 07:48:20 | 2012-07-27 04:19:50,High-energy fireballs >= 0.1 kt inside 14-day window
HEF_0180,2024-09-23,2024-10-07,2,0.5,0.32,FB_20240923063747_00056 | FB_20240928001019_00055,2024-09-23 06:37:47 | 2024-09-28 00:10:19,High-energy fireballs >= 0.1 kt inside 14-day window
HEF_0134,2021-09-29,2021-10-13,1,0.49,0.49,FB_20210929105059_00168,2021-09-29 10:50:59,High-energy fireballs >= 0.1 kt inside 14-day window
HEF_0065,2016-09-14,2016-09-28,2,0.47,0.24,FB_20160914150151_00348 | FB_20160922045749_00347,2016-09-14 15:01:51 | 2016-09-22 04:57:49,High-energy fireballs >= 0.1 kt inside 14-day window
HEF_0135,2021-10-20,2021-11-03,3,0.46,0.19,FB_20211020004353_00167 | FB_20211020084150_00166 | FB_20211021103202_00165,2021-10-20 00:43:53 | 2021-10-20 08:41:50 | 2021-10-21 10:32:02,High-energy fireballs >= 0.1 kt inside 14-day window
HEF_0018,2013-09-24,2013-10-08,1,0.46,0.46,FB_20130924153116_00458,2013-09-24 15:31:16,High-energy fireballs >= 0.1 kt inside 14-day window
HEF_0118,2020-07-12,2020-07-26,2,0.44,0.27,FB_20200712075031_00207 | FB_20200720212509_00206,2020-07-12 07:50:31 | 2020-07-20 21:25:09,High-energy fireballs >= 0.1 kt inside 14-day window
HEF_0030,2014-07-29,2014-08-12,2,0.43,0.25,FB_20140729030743_00437 | FB_20140729073807_00436,2014-07-29 03:07:43 | 2014-07-29 07:38:07,High-energy fireballs >= 0.1 kt inside 14-day window
HEF_0074,2017-05-22,2017-06-05,2,0.43,0.3,FB_20170522174439_00330 | FB_20170524070302_00329,2017-05-22 17:44:39 | 2017-05-24 07:03:02,High-energy fireballs >= 0.1 kt inside 14-day window
HEF_0035,2014-11-04,2014-11-18,1,0.42,0.42,FB_20141104201330_00426,2014-11-04 20:13:30,High-energy fireballs >= 0.1 kt inside 14-day window
HEF_0113,2020-01-21,2020-02-04,3,0.41,0.2,FB_20200121200743_00225 | FB_20200124111330_00224 | FB_20200127053913_00223,2020-01-21 20:07:43 | 2020-01-24 11:13:30 | 2020-01-27 05:39:13,High-energy fireballs >= 0.1 kt inside 14-day window
HEF_0071,2017-02-22,2017-03-08,2,0.41,0.28,FB_20170222184730_00337 | FB_20170225012258_00336,2017-02-22 18:47:30 | 2017-02-25 01:22:58,High-energy fireballs >= 0.1 kt inside 14-day window
HEF_0146,2022-06-14,2022-06-28,2,0.41,0.21,FB_20220614131227_00136 | FB_20220626201626_00135,2022-06-14 13:12:27 | 2022-06-26 20:16:26,High-energy fireballs >= 0.1 kt inside 14-day window
HEF_0064,2016-08-27,2016-09-10,1,0.41,0.41,FB_20160827214513_00349,2016-08-27 21:45:13,High-energy fireballs >= 0.1 kt inside 14-day window
HEF_0049,2015-10-04,2015-10-18,3,0.38,0.15,FB_20151004210217_00384 | FB_20151010095751_00383 | FB_20151011000746_00382,2015-10-04 21:02:17 | 2015-10-10 09:57:51 | 2015-10-11 00:07:46,High-energy fireballs >= 0.1 kt inside 14-day window
HEF_0087,2018-04-21,2018-05-05,3,0.37,0.14,FB_20180421120603_00298 | FB_20180430131757_00297 | FB_20180503072359_00296,2018-04-21 12:06:03 | 2018-04-30 13:17:57 | 2018-05-03 07:23:59,High-energy fireballs >= 0.1 kt inside 14-day window
HEF_0076,2017-07-13,2017-07-27,2,0.37,0.23,FB_20170713093036_00325 | FB_20170723061238_00324,2017-07-13 09:30:36 | 2017-07-23 06:12:38,High-energy fireballs >= 0.1 kt inside 14-day window
HEF_0008,2012-11-20,2012-12-04,1,0.37,0.37,FB_20121120062511_00481,2012-11-20 06:25:11,High-energy fireballs >= 0.1 kt inside 14-day window
HEF_0102,2019-04-22,2019-05-06,1,0.37,0.37,FB_20190422214210_00261,2019-04-22 21:42:10,High-energy fireballs >= 0.1 kt inside 14-day window
HEF_0133,2021-07-29,2021-08-12,2,0.36,0.23,FB_20210729131957_00171 | FB_20210730080633_00170,2021-07-29 13:19:57 | 2021-07-30 08:06:33,High-energy fireballs >= 0.1 kt inside 14-day window
HEF_0021,2013-12-08,2013-12-22,1,0.36,0.36,FB_20131208031009_00454,2013-12-08 03:10:09,High-energy fireballs >= 0.1 kt inside 14-day window
HEF_0168,2023-12-11,2023-12-25,1,0.36,0.36,FB_20231211083258_00080,2023-12-11 08:32:58,High-energy fireballs >= 0.1 kt inside 14-day window
HEF_0101,2019-04-06,2019-04-20,2,0.34,0.23,FB_20190406115909_00263 | FB_20190414175433_00262,2019-04-06 11:59:09 | 2019-04-14 17:54:33,High-energy fireballs >= 0.1 kt inside 14-day window
HEF_0150,2022-10-20,2022-11-03,2,0.33,0.17,FB_20221020205507_00121 | FB_20221028174011_00120,2022-10-20 20:55:07 | 2022-10-28 17:40:11,High-energy fireballs >= 0.1 kt inside 14-day window
HEF_0145,2022-05-24,2022-06-07,1,0.33,0.33,FB_20220524023820_00138,2022-05-24 02:38:20,High-energy fireballs >= 0.1 kt inside 14-day window
HEF_0082,2017-12-31,2018-01-14,2,0.32,0.21,FB_20171231093610_00311 | FB_20180106182427_00310,2017-12-31 09:36:10 | 2018-01-06 18:24:27,High-energy fireballs >= 0.1 kt inside 14-day window
HEF_0100,2019-03-15,2019-03-29,2,0.32,0.22,FB_20190315122656_00267 | FB_20190319020639_00266,2019-03-15 12:26:56 | 2019-03-19 02:06:39,High-energy fireballs >= 0.1 kt inside 14-day window
HEF_0198,2026-01-30,2026-02-13,2,0.31,0.19,FB_20260130102537_00014 | FB_20260131180714_00013,2026-01-30 10:25:37 | 2026-01-31 18:07:14,High-energy fireballs >= 0.1 kt inside 14-day window
HEF_0124,2020-11-25,2020-12-09,1,0.31,0.31,FB_20201125122050_00193,2020-11-25 12:20:50,High-energy fireballs >= 0.1 kt inside 14-day window
HEF_0164,2023-08-17,2023-08-31,1,0.31,0.31,FB_20230817055737_00091,2023-08-17 05:57:37,High-energy fireballs >= 0.1 kt inside 14-day window
HEF_0187,2025-02-22,2025-03-08,2,0.3,0.18,FB_20250222001650_00040 | FB_20250222102608_00039,2025-02-22 00:16:50 | 2025-02-22 10:26:08,High-energy fireballs >= 0.1 kt inside 14-day window
HEF_0048,2015-09-17,2015-10-01,1,0.3,0.3,FB_20150917210314_00385,2015-09-17 21:03:14,High-energy fireballs >= 0.1 kt inside 14-day window
HEF_0025,2014-03-03,2014-03-17,1,0.29,0.29,FB_20140303150021_00446,2014-03-03 15:00:21,High-energy fireballs >= 0.1 kt inside 14-day window
HEF_0197,2025-12-16,2025-12-30,1,0.29,0.29,FB_20251216205812_00015,2025-12-16 20:58:12,High-energy fireballs >= 0.1 kt inside 14-day window
HEF_0130,2021-05-02,2021-05-16,2,0.28,0.18,FB_20210502141249_00177 | FB_20210506055426_00176,2021-05-02 14:12:49 | 2021-05-06 05:54:26,High-energy fireballs >= 0.1 kt inside 14-day window
HEF_0137,2021-11-28,2021-12-12,2,0.27,0.17,FB_20211128180650_00161 | FB_20211210011905_00160,2021-11-28 18:06:50 | 2021-12-10 01:19:05,High-energy fireballs >= 0.1 kt inside 14-day window
HEF_0037,2014-12-12,2014-12-26,2,0.26,0.15,FB_20141212064807_00420 | FB_20141213025352_00419,2014-12-12 06:48:07 | 2014-12-13 02:53:52,High-energy fireballs >= 0.1 kt inside 14-day window
HEF_0174,2024-05-05,2024-05-19,2,0.26,0.13,FB_20240505201103_00074 | FB_20240518224648_00072,2024-05-05 20:11:03 | 2024-05-18 22:46:48,High-energy fireballs >= 0.1 kt inside 14-day window
HEF_0186,2025-02-02,2025-02-16,2,0.26,0.13,FB_20250202163050_00044 | FB_20250212043339_00041,2025-02-02 16:30:50 | 2025-02-12 04:33:39,High-energy fireballs >= 0.1 kt inside 14-day window
HEF_0051,2015-11-13,2015-11-27,1,0.26,0.26,FB_20151113145927_00377,2015-11-13 14:59:27,High-energy fireballs >= 0.1 kt inside 14-day window
HEF_0111,2019-12-21,2020-01-04,1,0.26,0.26,FB_20191221143052_00230,2019-12-21 14:30:52,High-energy fireballs >= 0.1 kt inside 14-day window
HEF_0123,2020-11-07,2020-11-21,1,0.26,0.26,FB_20201107212704_00194,2020-11-07 21:27:04,High-energy fireballs >= 0.1 kt inside 14-day window
HEF_0159,2023-04-26,2023-05-10,2,0.24,0.13,FB_20230426131459_00100 | FB_20230507230005_00099,2023-04-26 13:14:59 | 2023-05-07 23:00:05,High-energy fireballs >= 0.1 kt inside 14-day window
HEF_0067,2016-11-03,2016-11-17,1,0.24,0.24,FB_20161103171429_00345,2016-11-03 17:14:29,High-energy fireballs >= 0.1 kt inside 14-day window
HEF_0085,2018-02-21,2018-03-07,1,0.24,0.24,FB_20180221012803_00302,2018-02-21 01:28:03,High-energy fireballs >= 0.1 kt inside 14-day window
HEF_0106,2019-08-16,2019-08-30,2,0.23,0.13,FB_20190816203605_00248 | FB_20190824120259_00246,2019-08-16 20:36:05 | 2019-08-24 12:02:59,High-energy fireballs >= 0.1 kt inside 14-day window
HEF_0020,2013-11-21,2013-12-05,1,0.23,0.23,FB_20131121015035_00455,2013-11-21 01:50:35,High-energy fireballs >= 0.1 kt inside 14-day window
HEF_0045,2015-07-04,2015-07-18,1,0.23,0.23,FB_20150704014011_00393,2015-07-04 01:40:11,High-energy fireballs >= 0.1 kt inside 14-day window
HEF_0144,2022-04-12,2022-04-26,2,0.22,0.11,FB_20220412215911_00140 | FB_20220421221528_00139,2022-04-12 21:59:11 | 2022-04-21 22:15:28,High-energy fireballs >= 0.1 kt inside 14-day window
HEF_0005,2012-08-27,2012-09-10,1,0.22,0.22,FB_20120827065743_00491,2012-08-27 06:57:43,High-energy fireballs >= 0.1 kt inside 14-day window
HEF_0119,2020-08-02,2020-08-16,1,0.21,0.21,FB_20200802163624_00204,2020-08-02 16:36:24,High-energy fireballs >= 0.1 kt inside 14-day window
HEF_0094,2018-10-05,2018-10-19,1,0.2,0.2,FB_20181005002702_00280,2018-10-05 00:27:02,High-energy fireballs >= 0.1 kt inside 14-day window
HEF_0120,2020-08-30,2020-09-13,1,0.2,0.2,FB_20200830160821_00203,2020-08-30 16:08:21,High-energy fireballs >= 0.1 kt inside 14-day window
HEF_0152,2022-12-13,2022-12-27,1,0.2,0.2,FB_20221213172600_00116,2022-12-13 17:26:00,High-energy fireballs >= 0.1 kt inside 14-day window
HEF_0179,2024-09-04,2024-09-18,1,0.2,0.2,FB_20240904163932_00058,2024-09-04 16:39:32,High-energy fireballs >= 0.1 kt inside 14-day window
HEF_0028,2014-05-29,2014-06-12,1,0.19,0.19,FB_20140529011236_00440,2014-05-29 01:12:36,High-energy fireballs >= 0.1 kt inside 14-day window
HEF_0077,2017-07-31,2017-08-14,1,0.19,0.19,FB_20170731220135_00323,2017-07-31 22:01:35,High-energy fireballs >= 0.1 kt inside 14-day window
HEF_0117,2020-05-27,2020-06-10,1,0.19,0.19,FB_20200527173017_00208,2020-05-27 17:30:17,High-energy fireballs >= 0.1 kt inside 14-day window
HEF_0178,2024-08-20,2024-09-03,1,0.19,0.19,FB_20240820125351_00060,2024-08-20 12:53:51,High-energy fireballs >= 0.1 kt inside 14-day window
HEF_0121,2020-09-18,2020-10-02,1,0.18,0.18,FB_20200918080526_00202,2020-09-18 08:05:26,High-energy fireballs >= 0.1 kt inside 14-day window
HEF_0182,2024-11-10,2024-11-24,1,0.18,0.18,FB_20241110163152_00052,2024-11-10 16:31:52,High-energy fireballs >= 0.1 kt inside 14-day window
HEF_0053,2015-12-30,2016-01-13,1,0.16,0.16,FB_20151230130750_00374,2015-12-30 13:07:50,High-energy fireballs >= 0.1 kt inside 14-day window
HEF_0165,2023-09-28,2023-10-12,1,0.16,0.16,FB_20230928203233_00088,2023-09-28 20:32:33,High-energy fireballs >= 0.1 kt inside 14-day window
HEF_0170,2024-02-05,2024-02-19,1,0.16,0.16,FB_20240205003254_00078,2024-02-05 00:32:54,High-energy fireballs >= 0.1 kt inside 14-day window
HEF_0017,2013-09-07,2013-09-21,1,0.15,0.15,FB_20130907204913_00459,2013-09-07 20:49:13,High-energy fireballs >= 0.1 kt inside 14-day window
HEF_0069,2016-12-23,2017-01-06,1,0.15,0.15,FB_20161223032909_00341,2016-12-23 03:29:09,High-energy fireballs >= 0.1 kt inside 14-day window
HEF_0167,2023-11-21,2023-12-05,1,0.15,0.15,FB_20231121221729_00082,2023-11-21 22:17:29,High-energy fireballs >= 0.1 kt inside 14-day window
HEF_0181,2024-10-22,2024-11-05,1,0.15,0.15,FB_20241022105448_00053,2024-10-22 10:54:48,High-energy fireballs >= 0.1 kt inside 14-day window
HEF_0078,2017-09-05,2017-09-19,1,0.14,0.14,FB_20170905051127_00322,2017-09-05 05:11:27,High-energy fireballs >= 0.1 kt inside 14-day window
HEF_0095,2018-10-24,2018-11-07,1,0.14,0.14,FB_20181024211907_00278,2018-10-24 21:19:07,High-energy fireballs >= 0.1 kt inside 14-day window
HEF_0131,2021-05-16,2021-05-30,1,0.14,0.14,FB_20210516155107_00175,2021-05-16 15:51:07,High-energy fireballs >= 0.1 kt inside 14-day window
HEF_0171,2024-02-26,2024-03-11,1,0.13,0.13,FB_20240226112101_00077,2024-02-26 11:21:01,High-energy fireballs >= 0.1 kt inside 14-day window
HEF_0014,2013-06-01,2013-06-15,1,0.12,0.12,FB_20130601224948_00468,2013-06-01 22:49:48,High-energy fireballs >= 0.1 kt inside 14-day window
HEF_0016,2013-08-12,2013-08-26,1,0.12,0.12,FB_20130812180802_00460,2013-08-12 18:08:02,High-energy fireballs >= 0.1 kt inside 14-day window
HEF_0034,2014-10-21,2014-11-04,1,0.12,0.12,FB_20141021185537_00427,2014-10-21 18:55:37,High-energy fireballs >= 0.1 kt inside 14-day window
HEF_0127,2021-02-09,2021-02-23,1,0.12,0.12,FB_20210209232729_00183,2021-02-09 23:27:29,High-energy fireballs >= 0.1 kt inside 14-day window
HEF_0190,2025-04-28,2025-05-12,1,0.12,0.12,FB_20250428150115_00030,2025-04-28 15:01:15,High-energy fireballs >= 0.1 kt inside 14-day window
HEF_0057,2016-03-16,2016-03-30,1,0.11,0.11,FB_20160316235420_00365,2016-03-16 23:54:20,High-energy fireballs >= 0.1 kt inside 14-day window
HEF_0062,2016-07-21,2016-08-04,1,0.11,0.11,FB_20160721004852_00352,2016-07-21 00:48:52,High-energy fireballs >= 0.1 kt inside 14-day window
HEF_0066,2016-10-01,2016-10-15,1,0.11,0.11,FB_20161001202345_00346,2016-10-01 20:23:45,High-energy fireballs >= 0.1 kt inside 14-day window
HEF_0092,2018-08-27,2018-09-10,1,0.11,0.11,FB_20180827043644_00286,2018-08-27 04:36:44,High-energy fireballs >= 0.1 kt inside 14-day window
HEF_0162,2023-07-06,2023-07-20,1,0.11,0.11,FB_20230706055230_00095,2023-07-06 05:52:30,High-energy fireballs >= 0.1 kt inside 14-day window
HEF_0172,2024-03-17,2024-03-31,1,0.11,0.11,FB_20240317061758_00076,2024-03-17 06:17:58,High-energy fireballs >= 0.1 kt inside 14-day window
HEF_0173,2024-04-09,2024-04-23,1,0.11,0.11,FB_20240409044743_00075,2024-04-09 04:47:43,High-energy fireballs >= 0.1 kt inside 14-day window
HEF_0193,2025-07-11,2025-07-25,1,0.11,0.11,FB_20250711014833_00025,2025-07-11 01:48:33,High-energy fireballs >= 0.1 kt inside 14-day window
HEF_0012,2013-03-12,2013-03-26,1,0.1,0.1,FB_20130312103259_00472,2013-03-12 10:32:59,High-energy fireballs >= 0.1 kt inside 14-day window
HEF_0032,2014-09-09,2014-09-23,1,0.1,0.1,FB_20140909185546_00431,2014-09-09 18:55:46,High-energy fireballs >= 0.1 kt inside 14-day window
HEF_0046,2015-08-04,2015-08-18,1,0.1,0.1,FB_20150804102459_00390,2015-08-04 10:24:59,High-energy fireballs >= 0.1 kt inside 14-day window
HEF_0136,2021-11-08,2021-11-22,1,0.1,0.1,FB_20211108052828_00163,2021-11-08 05:28:28,High-energy fireballs >= 0.1 kt inside 14-day window
HEF_0154,2023-01-17,2023-01-31,1,0.1,0.1,FB_20230117065717_00111,2023-01-17 06:57:17,High-energy fireballs >= 0.1 kt inside 14-day window
HEF_0185,2025-01-11,2025-01-25,1,0.1,0.1,FB_20250111144600_00045,2025-01-11 14:46:00,High-energy fireballs >= 0.1 kt inside 14-day window
HEF_0200,2026-04-08,2026-04-22,1,0.1,0.1,FB_20260408015847_00006,2026-04-08 01:58:47,High-energy fireballs >= 0.1 kt inside 14-day window
